laptop,flipkart,amazon,ebay,snapdeal,homeshop18,infibeam
Dell Inspiron 15 3521 Laptop,http://www.flipkart.com/dell-inspiron-15-3521-laptop-3rd-gen-ci3-4gb-500gb-win8/p/itmdhz2t5xh8dghy?pid=COMDHZ2R72BHZH9X,NA,http://www.ebay.in/itm/Dell-Inspiron-3521-Core-i3-3rd-4GB-500GB-15-6-LED-Laptop-Win8-Supt-/261486129982,NA,NA,NA
Dell Inspiron 15 3521 Laptop,http://www.flipkart.com/dell-inspiron-15-3521-laptop-3rd-gen-pdc-4gb-500gb-ubuntu/p/itmdhz2rbh73qtvg?pid=COMDHZ2RBH73QTVG,NA,http://www.ebay.in/itm/DELL-INSPIRON-15-3521-INTEL-P-DC-3RD-GEN-4G-500GB-15-6-UBUNTU-WIF-CR-CAM-BT-CCW-/151229942397,NA,NA,NA
HP Pavilion 1000-1B02AU Laptop,NA,NA,http://www.ebay.in/itm/HP-Pavilion-1000-1B02AU-Laptop-AMD-Brazo-2GB-320GB-DOS-/231193658976,NA,NA,NA
Lenovo Essential G500 59-380860 Laptop,http://www.flipkart.com/lenovo-essential-g500-59-380860-laptop-3rd-gen-ci3-2gb-500gb-dos/p/itmdmkfbxszjtymk?pid=COMDMKF9ZUTHZAGH,NA,http://www.ebay.in/itm/Lenovo-Essential-G500-59-380860-/231238175437,NA,NA,http://www.infibeam.com/Computers_Accessories/lenovo-g500-59-380860-notebook/P-coac-79581411696-cat-z.html
Lenovo Essential G505 59-379446 Laptop,http://www.flipkart.com/lenovo-essential-g505-59-379446-laptop-apu-dual-core-2gb-500gb-dos/p/itmdmzxgf7n3vy3m?pid=COMDMZXETEXSYAUM,NA,http://www.ebay.in/itm/Lenovo-Essential-G505-59-379446-Laptop-APU-Dual-Core-2GB-500GB-DOS-/181392831365,NA,NA,http://www.infibeam.com/Computers_Accessories/lenovo-g505-59-379446-notebook/P-coac-91021076196-cat-z.html
Dell Inspiron 14z 5423 Ultrabook,NA,NA,http://www.ebay.in/itm/Dell-14Z-5423-i3-3217U-4GB-500GB-14-Display-Window8-Inspiron-/231199107654,NA,NA,NA
HP Pavilion 15-B002TX Laptop,http://www.flipkart.com/hp-pavilion-15-b002tx-sleekbook-3rd-gen-ci3-2gb-500gb-win8-1gb-graph/p/itmdesfqw3qaabgk?pid=COMDESFPJMY8U5GZ,http://www.amazon.in/dp/B00AF8551G,NA,NA,NA,NA
Dell Inspiron 15 3521 Laptop,http://www.flipkart.com/dell-inspiron-15-3521-laptop-3rd-gen-ci3-4gb-500gb-ubuntu/p/itmdhz2tanx2t3gq?pid=COMDHZ2RMEGRZ8Q7,http://www.amazon.in/dp/B00D796CBW,http://www.ebay.in/itm/Inspiron-15-3521-Laptop-3rd-Gen-Intel-Core-i3-3217U-Ubuntu-4GB-500GB-Intel-HD-/151298844012,NA,NA,NA
HP Pavilion TouchSmart 11-e006AU Laptop,NA,NA,http://www.ebay.in/itm/HP-Pav-TouchSmart-11-e006AU-Laptop-APU-Dual-Core-A4-4GB-500GB-Win8-Touh-/151306581814,NA,NA,NA
Sony VAIO Fit 14E F14212SN Laptop,http://www.flipkart.com/sony-vaio-fit-14e-f14212sn-b-laptop-3rd-gen-ci3-2gb-500gb-win8/p/itmdm848vaghhgsw?pid=COMDM842PVRH9QRU,http://www.amazon.in/dp/B00DJ65WI2,http://www.ebay.in/itm/Sony-VAIO-Fit-14E-F14212SN-B-3rd-Gen-Ci3-2GB-500GB-Win8-BLACK-/251385083166,NA,NA,NA
Lenovo Essential G500 59-370339 Laptop,http://www.flipkart.com/lenovo-essential-g500-59-370358-laptop-3rd-gen-ci5-4gb-500gb-dos/p/itmdmugykqpazbg8?pid=COMDMUGTHFJPZYQF,NA,http://www.ebay.in/itm/Lenovo-G500-59-370358-Core-i5-3rd-gen-3230-4GB-500gb-15-6-LED-dvd-rw-dos-/251348912621,NA,NA,http://www.infibeam.com/Computers_Accessories/lenovo-g500-59-370339-notebook/P-coac-53710600115-cat-z.html
HP 2000-2D28TU Laptop,http://www.flipkart.com/hp-2000-2d28tu-laptop-3rd-gen-ci3-2gb-500-gb-dos/p/itmdmka9vzexzz5z?pid=COMDMKA2DGB3U86P,NA,http://www.ebay.in/itm/HP-2000-2D28TU-Laptop-Intel-Core-i3-3110M-2-GB-500-GB-15-6-DOS-/271340444884,NA,NA,NA
Apple Air-MD711HN-A MacBook,http://www.flipkart.com/apple-md711hn-a-macbook-air-4th-gen-ci5-4gb-128gb-flash-mac-os-x-mountain-lion/p/itmdna8yqdykh7ur?pid=COMDNA7B82TVRV5H,NA,http://www.ebay.in/itm/Apple-MacBook-Air-MD711HN-A-i5-4-128-11-White-/221416223499,NA,NA,http://www.infibeam.com/Computers_Accessories/apple-macbook-air-md711hn/P-coac-6565908703-cat-z.html
HP 450 COR83PA Laptop,http://www.flipkart.com/hp-450-laptop-3rd-gen-ci5-4gb-500gb-dos/p/itmdgcxjauaeuuef?pid=COMDDH58WYSFTPMK,NA,NA,NA,NA,http://www.infibeam.com/Computers_Accessories/hp-450-cor83pa-laptop-3rd-gen-ci5-4gb/P-coac-30077913640-cat-z.html
Samsung NP300E5C-A09IN Laptop,NA,NA,http://www.ebay.in/itm/Samsung-NP300E5C-A09IN-15-Notebook-/281343757833,NA,NA,NA
Samsung NP300E5E-A04IN Notebook,http://www.flipkart.com/samsung-np300e5e-a04in-laptop-2nd-gen-pdc-2gb-500gb-win8/p/itmdk6ybcvutktpk?pid=COMDK6Y9HVWY7Q3M,NA,Samsung+NP300E5E-A04IN+Laptop+(2nd+Gen+PDC/+2GB/+500GB/+Win8),NA,NA,NA
Dell Inspiron 15 3521 Laptop,NA,NA,NA,NA,http://www.homeshop18.com/dell-inspiron-15r-3521-intel-core-i5-3317m-3rd-gen-4gb-500gb-15-6-2gb-graphics-windows-8-laptop/computers-tablets/laptops/product:30481902/cid:16323/,NA
Sony VAIO Fit 15E F15212SN Laptop,http://www.flipkart.com/sony-vaio-fit-15e-f15212sn-w-laptop-3rd-gen-ci3-2gb-500gb-win8/p/itmdm6swzwvtc29z?pid=COMDM6SUWMZVRY4C,NA,http://www.ebay.in/itm/Sony-VAIO-Fit-15E-F15212SN-W-Laptop-3rd-Gen-Ci3-2GB-500GB-Win8-/261325235835,NA,NA,NA
Dell Inspiron 15R 5521 Laptop,http://www.flipkart.com/dell-inspiron-15r-5521-laptop-3rd-gen-ci5-6gb-500gb-win8-touch/p/itmdny5ab4bnmjsv?pid=COMDNY4GFEHH5SKW,NA,http://www.ebay.in/itm/DELL-INSPIRON-TOUCH-15R-N5521-CORE-I3-3rd-GEN-6GB-RAM-500GB-DVD-RW-15-6-WIN-8-/261434820570,NA,NA,NA
HP Pavilion 15-E015TX Laptop,NA,NA,http://www.ebay.in/itm/HP-Pavilion-15-E015TX-Laptop-Core-i5-3230-4-GB-1-TB-1-GB-Graphics-Windows-8-/171259216791,NA,NA,NA
Apple MD101HN/A MacBook Pro,http://www.flipkart.com/apple-macbook-pro-mac-md101hn-a-laptop/p/itmdzmykfnyqzz6n?pid=COMDMKKAHYGRF9TM,http://www.amazon.in/dp/B00DKMCB20,http://www.ebay.in/itm/NEW-APPLE-MACBOOK-PRO-CORE-I5-4GB-RAM-500GB-HDD-13-3-1YR-WARRANTY-/251530219593,NA,NA,http://www.infibeam.com/Laptop/i-Apple-Mac-Book-Laptop-Pro/P-CA-L-Apple-MD101HN-A.html
Lenovo Essential G580 59-324064 Laptop,NA,NA,NA,NA,NA,NA
HP 2000-2319TU Laptop,NA,http://www.amazon.in/dp/B00BK0Y8I4,NA,NA,NA,NA
HP 240 E8D80PA Laptop,http://www.flipkart.com/hp-240-e8d80pa-laptop-pdc-2gb-500gb-dos/p/itmdqyrfvekwxyfz?pid=COMDQYRFHH3Z2YXM,http://www.amazon.in/dp/B00IDXJSG8,NA,NA,NA,http://www.infibeam.com/Computers_Accessories/hp-business-notebook-hp240-e8d80pa-intel-pentium-b960/P-coac-29572581482-cat-z.html
HP Pavilion14-B049TU Sleekbook,NA,NA,NA,NA,NA,NA
Asus 1015E-CY041D Netbook,http://www.flipkart.com/asus-1015e-cy041d-netbook-cdc-2gb-320gb-dos/p/itmdm86q3mxmfpx5?pid=COMDM86KN5MFRBVJ,NA,http://www.ebay.in/itm/Asus-1015E-CY041D-Netbook-CDC-2GB-320GB-DOS-Glossy-Black-/200978972941,NA,NA,NA
Lenovo Essentail G505 59-379528 Laptop,http://www.flipkart.com/lenovo-essentail-g505-59-379528-laptop-apu-quad-core-a4-2gb-500gb-dos/p/itmdmzzkq8zas7zc?pid=COMDMZZGDMU8MHTE,http://www.amazon.in/dp/B00FGSUDG2,http://www.ebay.in/itm/Lenovo-G505-59-379528-AMD-Quadcore-2GB-500GB-15-6-LED-DVD-HDMI-512MB-Graphic-/291114145342,NA,NA,http://www.infibeam.com/Computers_Accessories/lenovo-g505-59-379528-notebook/P-coac-66116471245-cat-z.html
Asus X55U SX111D X Series Laptop,NA,NA,http://www.ebay.in/itm/Asus-X55U-SX111D-LAPTOP-AMD-DualCore-2GB-500GB-15-6-DOS-BLACK-/121340194988,NA,NA,NA
HP 10-h006RU X2 Slatebook,http://www.flipkart.com/hp-10-h005ru-x2-slatebook-tegra-4-2gb-64gb-emmc-android-4-2-jelly-bean-touch/p/itmdn4bhmzwjvcgk?pid=COMDN4BAPUDD7WYN,http://www.amazon.in/dp/B00FF660U8,http://www.ebay.in/itm/HP-10-h006RU-X2-Slatebook-/251532758031,NA,NA,NA
Dell Inspiron 15 3521 Laptop,http://www.flipkart.com/dell-inspiron-15-3521-laptop-cdc-2gb-500gb-linux/p/itmdggm4t3tdhhdb?pid=COMDGGMYFVHBXUMM,NA,NA,NA,NA,NA
Acer Aspire V5-121-NX.M82SI.004 Notebook,NA,NA,NA,NA,NA,NA
Lenovo Essential A10 59-385921 Slatebook,http://www.flipkart.com/lenovo-essential-a10-59-388639-slatebook-quad-core-a9-1gb-16gb-emmc-android-4-2-touch/p/itmdsbyq26t2sgu5?pid=COMDR3SMX3MTFUJM,http://www.amazon.in/dp/B00K1ICDHE,NA,NA,NA,http://www.infibeam.com/Computers_Accessories/lenovo-essential-a10-59-388639-slatebook-quad-core/P-coac-80452575791-cat-z.html
Sony VAIO Fit 15E F15213SN Laptop,http://www.flipkart.com/sony-vaio-fit-15e-f15213sn-w-laptop-3rd-gen-ci3-4gb-500gb-win8-1gb-graph/p/itmdm64yuawsbvba?pid=COMDM64TGGAVCDUF,NA,http://www.ebay.in/itm/Sony-Vaio-SVF15213SN-Laptop-Core-i3-3227U-4GB-500GB-1GB-Grap-Win-8-Bill-/151146036677,NA,NA,NA
Dell Inspiron 14 3421 Laptop,http://www.flipkart.com/dell-inspiron-14-3421-laptop-3rd-gen-ci3-2gb-500gb-win8-1gb-graph/p/itmdnfh9fefynjgw?pid=COMDNFG9RXKAENHZ,http://www.amazon.in/dp/B00EDMY6R4,NA,NA,http://www.homeshop18.com/dell-inspiron-14-3421-3rd-gen-intel-core-i3-3217-2gb-500gb-14-windows-8-laptop/computers-tablets/laptops/product:30544619/cid:16315/,NA
Lenovo Essential G580 59-348965 Laptop,NA,NA,NA,NA,NA,NA
Lenovo Essential G500 59-380754 Laptop,http://www.flipkart.com/lenovo-essential-g500-59-380754-laptop-3rd-gen-ci3-4gb-500gb-dos-2gb-graph/p/itmdmwrcqwwtgscd?pid=COMDMWR899BKSNGG,NA,http://www.ebay.in/itm/Lenovo-Essential-G500-59-380754-Laptop-3rd-Gen-Ci3-4GB-500GB-DOS-2GB-Grap-/251509577522,NA,NA,http://www.infibeam.com/Computers_Accessories/lenovo-g500-59-380754-laptop/P-coac-5821934645-cat-z.html
Dell Vostro 2420 Laptop,NA,NA,http://www.ebay.in/itm/Dell-Vostro-2420-Laptop-3rd-Gen-Core-i3-Processor-4GB-500GB-UBUNTU-14-Screen-/251430063139,NA,NA,NA
Lenovo Ideapad S400 59-355933 Laptop,NA,NA,NA,NA,NA,NA
HP Pavilion Touchsmart 14-B171TU Sleekbook,http://www.flipkart.com/hp-pavilion-touchsmart-14-b171tu-sleekbook-2nd-gen-pdc-4gb-500gb-win8-touch/p/itmdh6g6khqrctpe?pid=COMDH6G66EURPZ6J,http://www.amazon.in/dp/B00E98LS2S,NA,NA,NA,NA
Sony VAIO F1521ASN Laptop,http://www.flipkart.com/sony-vaio-f1521asn-b-laptop-3rd-gen-ci3-2gb-500gb-win8/p/itmdrhp4sh2nysft?pid=COMDRHZXZHGA7BAH,http://www.amazon.in/dp/B00HNQRZN4,NA,NA,NA,NA
Sony VAIO Fit 14E F14216SN Laptop,http://www.flipkart.com/sony-vaio-fit-14e-f14216sn-b-laptop-3rd-gen-ci3-2gb-500gb-win8-touch/p/itmdm6swsn8crbax?pid=COMDM6SUQSUTAXZJ,http://www.amazon.in/dp/B00DJ65XM2,NA,NA,NA,NA
HP 2000-2106TU Laptop,NA,NA,NA,NA,NA,NA
HP Pavilion 15-B002TU Sleekbook,NA,NA,http://www.ebay.in/itm/HP-Pavilion-15-B002TU-Sleekbook-3rd-Gen-Ci3-2GB-500GB-DOS-BAG-FREEEEEEEEEEE-/261477123968,NA,NA,NA
Lenovo Ideapad S210 T 59-379242 Netbook,http://www.flipkart.com/lenovo-ideapad-s210-t-59-379242-netbook-3rd-gen-pdc-2gb-500gb-win8-touch/p/itmdn3h3zqhcgcaj?pid=COMDN3GHYFRGSGPZ,NA,http://www.ebay.in/itm/NEW-Lenovo-ideapad-S210T-59-379242-MINI-NETBOOK-PDC-2GB-500GB-11-6-WIN8-Touch-/261244345737,NA,NA,NA
Dell Inspiron 15 3521 Laptop,NA,NA,http://www.ebay.in/itm/DELL-INSPIRON-15-3521-INTEL-P-DC-3RD-GEN-2G-500GB-15-6-UBUNTU-WIF-CR-CAM-BT-CCW-/151229378945,NA,NA,NA
Toshiba Satellite C850-P0012 Laptop,NA,http://www.amazon.in/dp/B00EPWB2S8,http://www.ebay.in/itm/TOSHIBA-Satellite-C850-P0012-Intel-Dual-Core-B960-2GB-500GB-15-6-Inch-DOS-/181166373247,NA,NA,NA
Acer Aspire V5-131 NX.M87SI.001 Netbook,NA,NA,NA,NA,NA,NA
HP Pavilion Touchsmart 14-B172TX Sleekbook,NA,NA,http://www.ebay.in/itm/HP-TS-14-B172TX-/141041240677,NA,NA,NA
HP Pavilion 14-B104AU Sleekbook,NA,NA,NA,NA,NA,NA
HP 2000-2311TU Laptop,NA,NA,NA,NA,NA,NA
Acer Aspire E1-531 NX.M12SI.023 Laptop,NA,NA,NA,NA,NA,NA
HP Pavilion 15-E002AU Laptop,NA,NA,NA,NA,NA,NA
Samsung NP300E5E-A03IN Laptop,NA,NA,http://www.ebay.in/itm/Samsung-NP300E5E-A03IN-Laptop-3rd-Gen-Ci3-2GB-500GB-Win8-/251385108933,NA,NA,NA
Lenovo Essential G580 59-349730 Laptop,NA,NA,NA,NA,NA,NA
Lenovo Ideapad S405 59-348194 Laptop,NA,NA,NA,NA,NA,NA
Dell Vostro 2520 Laptop,http://www.flipkart.com/dell-vostro-2520-laptop-3rd-gen-ci3-2gb-500gb-linux/p/itmdj63fxhx86ctf?pid=COMDJ62ZHFNHPX7M,NA,http://www.ebay.in/itm/Dell-Vostro-2520-Laptop-3rd-Gen-Core-i3-2GB-500GB-LINUX-15-6-Grey-/291142385164,NA,NA,NA
HP 4540s D5J49PA Probook Laptop,http://www.flipkart.com/hp-4540s-probook-3rd-gen-ci5-2gb-750gb-dos/p/itmdhyu589jvyqhq?pid=COMDHYGUU7BUH3Q3,NA,NA,NA,NA,http://www.infibeam.com/Laptop/i-HP-Notebook-4540s-Probook-D5J49PA/P-CA-L-HP-4540s-D5J49PA.html
HP Pavilion Touchsmart 14-B173TU Sleekbook,NA,NA,NA,NA,NA,NA
Dell Inspiron 11 3000 Netbook,http://www.flipkart.com/dell-inspiron-11-3000-netbook-4th-gen-cdc-2gb-500gb-win8-touch/p/itmdqgpdhvjsw2gz?pid=COMDQGPAYXPHWB3X,http://www.amazon.in/dp/B00GN644WK,http://www.ebay.in/itm/Dell-Inspiron-11-3000-Netbook-4th-Gen-CDC-2GB-500GB-Win8-11-6-Touch-SILVER-/301181718008,NA,NA,NA
Acer Gateway NE56R NX.Y1USI.010 Laptop,http://www.flipkart.com/acer-gateway-ne56r-laptop-2nd-gen-pdc-2gb-500gb-linux-nx-y1usi-010/p/itmdcgfsgntuaq3c?pid=COMDDSY6BGCMM8HZ,NA,http://www.ebay.in/itm/ACER-GATEWAY-LAPTOP-NE-56R-Dual-Core-2GB-DDR3-500GB-Linux-Invoice-/321379224548,NA,NA,NA
HP Pavilion 2000-2D03TU Laptop,NA,NA,NA,NA,NA,NA
HP Envy M6-1216TX Laptop,NA,NA,NA,NA,NA,NA
HP Pavilion G6-2230TX Laptop,NA,NA,NA,NA,NA,NA
Sony VAIO Fit 15E F15215SN Laptop,http://www.flipkart.com/sony-vaio-fit-15e-f15215sn-b-laptop-3rd-gen-ci3-2gb-500gb-win8-touch/p/itmdm64yrgmzxkzt?pid=COMDM64TZHHZDB3Z,NA,Sony+VAIO+Fit+15E+F15212SN,NA,NA,NA
Apple MC976HN-A MacBook Pro,NA,NA,NA,NA,NA,NA
HP Pavilion G6-2303TX Laptop,NA,NA,NA,NA,NA,NA
Lenovo Essential G500 59-380704 Laptop,http://www.flipkart.com/lenovo-essential-g500-59-380704-laptop-cdc-2gb-500gb-dos/p/itmdmkfbzswzdzgy?pid=COMDMKF9ES8RQZWN,NA,NA,NA,NA,NA
Lenovo Essential G400s 59-383645 Laptop,NA,NA,http://www.ebay.in/itm/Lenovo-Touch-Laptop-G400s-59-383645-3rd-Gen-Ci5-4GB-500GB-Win8-2GB-Graph-/271283847627,NA,NA,NA
Lenovo Ideapad U310 (59-341069) Ultrabook,NA,NA,NA,NA,NA,http://www.infibeam.com/Laptop/i-Lenovo-Ideapad-Ultrabook-U310/P-CA-L-Lenovo-59-341069.html
Dell Vostro 2520 Laptop,http://www.flipkart.com/dell-vostro-2520-laptop-3rd-gen-ci5-4gb-500gb-linux/p/itmdgszzgzxysh63?pid=COMDGSZAUFHNHGSD,NA,http://www.ebay.in/itm/Dell-Vostro-2520-Laptop-3rd-Gen-Core-i5-Processor-4GB-500GB-UBUNTU-15-6-Screen-/251369002839,NA,NA,NA
Lenovo Essential B490 59-356128 Laptop,NA,NA,http://www.ebay.in/itm/Lenovo-B490-Laptop-Pentium-Dual-Core-3rd-Generation-2-GB-500-GB-/201023987368,NA,NA,NA
Sony VAIO Fit 15 F15A13SN Laptop,http://www.flipkart.com/sony-vaio-fit-15-f15a13sn-b-laptop-3rd-gen-ci5-4gb-750gb-win8-2gb-graph-touch/p/itmdmzxgxvfwjej5?pid=COMDMZXEDP8UQVT5,NA,NA,NA,NA,NA
Asus X200CA-KX072D X Series Laptop,http://www.flipkart.com/asus-x200ca-kx072d-netbook-cdc-2gb-500gb-dos/p/itmdq5hhx35akrwy?pid=COMDQ5HJNVM4NMCX,NA,http://www.ebay.in/itm/Asus-X200CA-KX072D-X-Series-Laptop-/200995256020,NA,NA,http://www.infibeam.com/Computers_Accessories/asus-x200ca-kx072d-laptop-celeron-dual-core-2gb/P-coac-1348818844-cat-z.html
Apple Air MD760HN-A MacBook,http://www.flipkart.com/apple-md760hn-a-macbook-air-4th-gen-ci5-4gb-128gb-flash-mac-os-x-mountain-lion/p/itmdna8yw3kfyvfw?pid=COMDNA7BNYHUSH7E,http://www.amazon.in/dp/B00FS6MCQQ,http://www.ebay.in/itm/APPLE-MD760HN-A-MACBOOK-AIR-13-i5-1-3GHZ-4GB-RAM-128GB-HD-4TH-GEN-GRAPHICS-5000-/221430008506,NA,NA,NA
Lenovo Ideapad S210 T 59-379334 Netbook,NA,NA,http://www.ebay.in/itm/NEW-Lenovo-ideapad-S210T-59-379334-MINI-NETBOOK-CI3-4GB-500GB-11-6-WIN8-Touch-/261244351720,NA,NA,NA
Lenovo Essential G580 59-341688 Laptop,NA,NA,NA,NA,NA,NA
Lenovo Essential G580 59-347375 Laptop,NA,NA,NA,NA,NA,NA
Dell Inspiron 15 3537 353756750iBU Laptop,http://www.flipkart.com/dell-inspiron-15-laptop-4th-gen-ci5-6gb-750gb-ubuntu/p/itmdpzjmnj6pgynz?pid=COMDPZJCRMFG5WQJ,NA,NA,NA,NA,NA
HP 2000-2d01TU Laptop,NA,NA,NA,NA,NA,NA
Dell Vostro 2420 Laptop,http://www.flipkart.com/dell-vostro-2420-laptop-3rd-gen-ci5-4gb-500gb-linux/p/itmdgszznay8gzv5?pid=COMDGSZAGVYZBHHC,NA,NA,NA,NA,NA
Lenovo Essential G505 59-379534 Laptop,http://www.flipkart.com/lenovo-essential-g505-59-379534-laptop-apu-quad-core-a4-4gb-1tb-win8-1-gb-graph/p/itmdmzzkesz9zyga?pid=COMDMZZGZGKJGTHQ,NA,http://www.ebay.in/itm/Lenovo-G505-59-379534-AMD-QuadCore-4GB-1-TB-15-6-LED-DVD-HDMI-1GB-Graphics-WIN8-/291146558858,NA,NA,http://www.infibeam.com/Computers_Accessories/lenovo-g505-59-379534-notebook/P-coac-78811734995-cat-z.html
HP Pavilion 15-B003TU Sleekbook,NA,NA,NA,NA,NA,NA
Dell Inspiron 15R 5521 Laptop,http://www.flipkart.com/dell-inspiron-15r-5521-laptop-3rd-gen-ci5-4gb-500gb-win8-2gb-graph/p/itmdn4jfp9fvye3t?pid=COMDN4GVSMVHHSSN,NA,NA,NA,NA,NA
Acer Aspire E1-571-BT NX.M09SI.031 Laptop,NA,NA,NA,NA,NA,NA
HP 2000-2d37TU Laptop,NA,NA,NA,NA,NA,NA
Acer Aspire V5-123 NX.MFQSI.003 Netbook,http://www.flipkart.com/acer-aspire-v5-123-netbook-apu-dual-core-2gb-500gb-linux-nx-mfqsi-003/p/itmdqrpdnc95tf2z?pid=COMDQRPCZ8GBZUBB,NA,http://www.ebay.in/itm/Acer-Aspire-V5-123-Netbook-APU-Dual-Core-2GB-500GB-Linux-NX-MFQSI-003-/121325657801,NA,NA,NA
Lenovo Ideapad Y500 59-346619 Laptop,http://www.flipkart.com/lenovo-ideapad-y500-59-379647-laptop-3rd-gen-ci7-8gb-1tb-win8-2gb-graph/p/itmdhe8gxhhggcfh?pid=COMDHE8FYE7KASYP,NA,NA,NA,NA,NA
Dell Inspiron 15 3537 3537561TB2BU Laptop,http://www.flipkart.com/dell-inspiron-15-laptop-4th-gen-ci5-6gb-1tb-ubuntu-2gb-graph/p/itmdpzjmwgayheaq?pid=COMDPZJCWXXH37GS,NA,NA,NA,NA,NA
Lenovo Essential G500 59-383037 Laptop,http://www.flipkart.com/lenovo-essential-g500-59-383037-laptop-3rd-gen-ci3-2gb-500gb-win8/p/itmdhz5gsfymp75n?pid=COMDHZ5DWNTMWMUS,http://www.amazon.in/dp/B00EKFLGQ8,http://www.ebay.in/itm/Lenovo-G500s-59-383037-/131170634449,NA,NA,NA
Lenovo Ideapad S210 T 59-379266 Netbook,http://www.flipkart.com/lenovo-ideapad-s210-t-59-379266-netbook-cdc-2gb-500gb-win8-touch/p/itmdn3h3gg4pvffk?pid=COMDN3GHFFNP8YSX,NA,http://www.ebay.in/itm/NEW-Lenovo-ideapad-S210T-59-379266-MINI-NETBOOK-C-DC-2GB-500GB-11-6-WIN8-Touch-/261244349102,NA,NA,http://www.infibeam.com/Computers_Accessories/lenovo-ideapad-s210-t-59-379266-netbook-cdc/P-coac-57383917756-cat-z.html
Lenovo Essential G400s 59-383636 Laptop,http://www.flipkart.com/lenovo-essential-g400s-59-383636-laptop-3rd-gen-ci3-4gb-500gb-win8-touch/p/itmdmzxg7gfbqzkn?pid=COMDMZXEHMRMEDUF,http://www.amazon.in/dp/B00GB089VU,NA,NA,NA,NA
Toshiba Satellite C50-A I0013 Laptop,http://www.flipkart.com/toshiba-satellite-c50-a-i0016-laptop-3rd-gen-ci3-2gb-500gb-no-os/p/itmdqhmh5w8ebhzg?pid=COMDQHMGPHDDMVXZ,NA,NA,NA,NA,NA
Acer Aspire V5-121 NX.M83SI.005 Laptop,NA,NA,NA,NA,NA,NA
Asus X200CA-KX018D Laptop,http://www.flipkart.com/asus-x200ca-kx018d-netbook-cdc-2gb-500gb-dos/p/itmdq38jzjhsacxv?pid=COMDQ38GUGBZVZE2,NA,http://www.ebay.in/itm/Asus-X200CA-KX018D-Laptop-CEL-DUAL-CORE-2GB-500GB-11-6-DOS-BLACK-/291133390076,NA,NA,http://www.infibeam.com/Computers_Accessories/asus-x200ca-kx018d-laptop-cdc-2gb-500gb-dos/P-coac-78408322098-cat-z.html
HP Pavilion DV6-7206TX Laptop,NA,NA,NA,NA,NA,NA
HP Pavilion 15-B001TU Sleekbook,NA,NA,NA,NA,NA,NA
HP Pavilion G6-2229TU Laptop,NA,NA,NA,NA,NA,NA
HP Pavilion 15-E009TU Laptop,NA,NA,NA,NA,NA,NA
Dell Inspiron 15 3521 3521P4500iBT1 Laptop,http://www.flipkart.com/dell-inspiron-15-3521-laptop-3rd-gen-pdc-4gb-500gb-win8-touch/p/itmdhz2typkhcafg?pid=COMDHZ2RBHFFCPVA,NA,NA,NA,NA,NA
HP Pavilion 14-B012AU Sleekbook,NA,NA,NA,NA,NA,NA
Apple ME665HN-A MacBook Pro,http://www.flipkart.com/apple-me665hn-a-macbook-pro-3rd-gen-ci7-16gb-512gb-flash-mac-os-x-mountain-lion-1gb-graph-retina-display/p/itmdzmysh7gbmnff?pid=COMDMKK8GBYYUDGC,http://www.amazon.in/dp/B00CBFR8MA,http://www.ebay.in/itm/Apple-ME665HN-A-MacBook-Pro-3rd-Gen-Ci7-16GB-512GB-Flash-/301163552929,NA,NA,NA
Acer V5-431 NX.M2SSI.004 Laptop,NA,NA,NA,NA,NA,NA
HP 431 Laptop,http://www.flipkart.com/hp-431-laptop-2nd-gen-ci3-2gb-500gb-dos-1gb-graph/p/itmdmdm9ukxdvexm?pid=COMDBSM39HWHJQEG,NA,NA,NA,NA,NA
Toshiba C850D-M0010 Laptop,NA,NA,http://www.ebay.in/itm/Toshiba-satellite-C850D-M0010-Laptop-APU-Dual-Core-2GB-320GB-No-OS-black-/201048930565,NA,NA,NA
HP Pavilion G6-2309TU Laptop,NA,NA,NA,NA,NA,NA
Acer Aspire E1-571-BT NX.M09SI.033 Laptop,NA,NA,NA,NA,NA,NA
Asus X550CA-XX258D Laptop,http://www.flipkart.com/asus-x550ca-xx258d-laptop-cdc-2gb-500gb-dos/p/itmdpdngzbyqm8jm?pid=COMDPDN6GHMZ2B7U,NA,NA,NA,NA,NA
HP Pavilion G6-2236TX Laptop,http://www.flipkart.com/hp-pavilion-g6-2236tx-laptop-3rd-gen-ci7-8gb-1tb-win8-2gb-graph/p/itmdgzdptpusvrvy?pid=COMDGZBA8NGH2WVH,NA,NA,NA,NA,NA
HP Pavilion 15-e017TX Laptop,NA,NA,NA,NA,NA,NA
Dell Inspiron 15R 5521 Laptop,http://www.flipkart.com/dell-inspiron-15r-5521-laptop-3rd-gen-ci3-4gb-500gb-win8-2gb-graph/p/itmdn4ktsgeb53zf?pid=COMDN4KT8FQFPKFR,NA,NA,NA,NA,NA
HP 2000-2314TU Laptop,http://www.flipkart.com/hp-2000-2314tu-laptop-2nd-gen-ci3-2gb-500gb-win8/p/itmdjsc4ac3smxgp?pid=COMDJSC3HEHJYGHS,NA,NA,NA,NA,NA
Lenovo Essential G510 59-398431 Laptop,http://www.flipkart.com/lenovo-essential-g510-59-398431-laptop-4th-gen-ci3-2gb-500gb-dos/p/itmdp26eugvzzsjg?pid=COMDP26EFGY7GEMU,NA,NA,NA,NA,http://www.infibeam.com/Computers_Accessories/lenovo-essential-g510-59-398431-intel-core-i3/P-coac-79408193764-cat-z.html
HP 2000-2201TU Laptop,NA,NA,NA,NA,NA,NA
Dell Inspiron 15 3521 Laptop,http://www.flipkart.com/dell-inspiron-15-3521-laptop-cdc-4gb-500gb-win8/p/itmdhz2t6jtahhzz?pid=COMDHZ2RHVGYMSRE,NA,NA,NA,NA,NA
HP 650 COR35PA Laptop,http://www.flipkart.com/hp-notebook-650-series-laptop/p/itmdpyhhhzhb8bwh?pid=COMDPYHHMYHE5ZS5,NA,NA,NA,NA,NA
Acer Aspire One 756 NU.SGYSI.018 Netbook,NA,NA,NA,NA,NA,NA
Sony Vaio E14 SVE1413XPNB Laptop,http://www.flipkart.com/sony-vaio-e14-series-sve1413xpnb-core-i5-3rd-gen-4gb-500gb-win8-pro/p/itmdp5wgjyxzumaf?pid=COMDP5WCEP9WFD4U,NA,NA,NA,NA,NA
Lenovo Ideapad Z585 59-347937 Laptop,NA,NA,NA,NA,NA,NA
HP Pavilion G6-2302AX Laptop,NA,NA,NA,NA,NA,NA
Samsung NP530U4C-S04IN Ultrabook,http://www.flipkart.com/samsung-np530u4c-s06in-laptop-3rd-gen-ci3-4gb-750gb-24gb-expresscache-win8/p/itmdnymvczq4tvky?pid=COMDK6Y9ERHX27YT,NA,NA,NA,NA,NA
Lenovo Essential G510 59-398343 Laptop,NA,http://www.amazon.in/dp/B00HR201V2,http://www.ebay.in/itm/Lenovo-G510-59-398343-Core-i5-4rth-Gen-4200M-4GB-500gb-15-6-LED-Dvd-Rw-Dos-/281336673453,NA,NA,http://www.infibeam.com/Computers_Accessories/lenovo-essential-g510-59-398343-laptop-4th-gen/P-coac-4689543978-cat-z.html
HP Pavilion G6-2228TU Laptop,NA,NA,NA,NA,NA,NA
Toshiba Satellite C50-I0010 Laptop,NA,NA,NA,NA,NA,http://www.infibeam.com/Computers_Accessories/toshiba-satellite-c50-i0014-laptop-3rd-gen-i3/P-coac-5574432408-cat-z.html
Acer Aspire E1-531 NX.M12SI.024 Laptop,NA,NA,NA,NA,NA,NA
Dell Inspiron 15 3537 3537567502BT Laptop,http://www.flipkart.com/dell-inspiron-15-3537-laptop-4th-gen-ci5-6gb-750gb-win8-2gb-graph-touch/p/itmdqgqxgx3pw2k5?pid=COMDQGQX2VGTZVPR,NA,NA,NA,NA,NA
Lenovo Ideapad U510 59-389403 Laptop,http://www.flipkart.com/lenovo-ideapad-u510-59-389403-laptop-3rd-gen-ci5-4gb-1tb-win8-2gb-graph/p/itmdsu5xncrnxexc?pid=COMDSC4MHJNP75YG,http://www.amazon.in/dp/B00GHLFP2Y,NA,NA,NA,http://www.infibeam.com/Computers_Accessories/lenovo-u510-59-389403-laptop-3rd-generation-intel/P-coac-79510595832-cat-z.html
HP Pavilion Touchsmart 10-E007AU Netbook,NA,http://www.amazon.in/dp/B00HSCWEE8,NA,NA,NA,NA
Dell Alienware M14X R3 Laptop,http://www.flipkart.com/dell-alienware-14-laptop-4th-gen-ci7-8gb-750gb-win8-2gb-graph/p/itmdnfk9gg84ukxk?pid=COMDNFK9GG84UKXK,NA,NA,NA,NA,NA
Apple MD102HN/A MacBook Pro,NA,NA,NA,NA,NA,NA
Lenovo Ideapad Yoga 13 59-369606 Ultrabook,NA,NA,http://www.ebay.in/itm/Lenovo-Yoga13-59-369606-IdeaPad-Laptop-i7-8GB-RAM-Win-8-256GB-HDD-MRP-104990-/111256317613,NA,NA,http://www.infibeam.com/Computers_Accessories/lenovo-yoga-13-59-369606-ultrabook-convertible/P-coac-9235006003-cat-z.html
Dell Inspiron 15R 5537 5537561TB2S Laptop,http://www.flipkart.com/dell-inspiron-15r-laptop-4th-gen-ci5-6gb-1tb-win8-2gb-graph/p/itmdpzjmfypnghgu?pid=COMDPZJCQAZBZWTS,http://www.amazon.in/dp/B00HMZRYZU,NA,NA,NA,NA
HP Pavilion G6-2320TX Laptop,NA,NA,NA,NA,NA,NA
Dell Vostro 3560 Laptop,http://www.flipkart.com/dell-vostro-3560-laptop-3rd-gen-ci5-4gb-500gb-linux/p/itmdjz5ebwwgrq7x?pid=COMDJZ5CKAHN8JFW,NA,http://www.ebay.in/itm/Dell-Vostro-3560-Laptop-3rd-Gen-i5-4GB-500GB-UBUNTU-15-6-Screen-Finger-Print-/261419046372,NA,NA,NA
Acer Aspire E1-570 NX.MGUSI.001 Notebook,NA,NA,http://www.ebay.in/itm/Acer-Aspire-E1-570-Notebook-3rd-Gen-Ci3-4GB-500GB-Win8-NX-MGUSI-001-/261335481851,NA,NA,NA
Asus X201E-KX042D Netbook,http://www.flipkart.com/asus-x201e-kx042d-netbook-3rd-gen-ci3-4gb-500gb-dos/p/itmds4hbmtdghmjy?pid=COMDS4H9BCDQUYAD,NA,http://www.ebay.in/itm/ASUS-X201E-KX042D-LAPTOP-Core-i3-3RD-GEN-4GB-500GB-11-6-Dos-WHITE-/301188653768,NA,NA,NA
Apple Air-MD712HN-A MacBook,http://www.flipkart.com/apple-md712hn-a-macbook-air-4th-gen-ci5-4gb-256gb-flash-mac-os-x-mountain-lion/p/itmdna8yhhcznu59?pid=COMDNA7BHZHHBVXU,NA,http://www.ebay.in/itm/APPLE-MACBOOK-AIR-MD-712-HN-A-11-i5-1-3GHZ-4TH-GENERATION-4GB-RAM-256-GB-FLASH-/191155094752,NA,NA,http://www.infibeam.com/Computers_Accessories/apple-macbook-air-md712hn/P-coac-82495972817-cat-z.html
HP Pavilion 14-B048TU Ultrabook,NA,NA,NA,NA,NA,NA
HP 2000-2202TU Laptop,NA,NA,NA,NA,NA,NA
Toshiba Satellite C850-P5011 Laptop,http://www.flipkart.com/toshiba-satellite-c850-p5011-laptop-2nd-gen-pdc-2gb-500gb-no-os/p/itmd9ye3vgpj7hh5?pid=COMD9Y9BWCHZGJKA,NA,http://www.ebay.in/itm/Toshiba-SATELLITE-C850-P5011-Laptop-Dual-Core-2nd-GEN-2GB-500-15-6-DOS-BLACK-/400713037911,NA,NA,NA
Lenovo Ideapad Z500 59-380463 Laptop,http://www.flipkart.com/lenovo-ideapad-z500-59-380463-laptop-3rd-gen-ci5-6gb-1tb-win8-2gb-graph/p/itmdhz5g5p68vuzg?pid=COMDHZ5DPFC2YZHY,NA,NA,NA,NA,NA
Lenovo Ideapad U510 59-349348 Ultrabook,http://www.flipkart.com/lenovo-ideapad-u510-59-349348-ultrabook-3rd-gen-ci5-4gb-1tb-24gb-ssd-win8-1gb-graph/p/itmdfzqncsuzuth6?pid=COMDFZQYENH7SFQZ,NA,NA,NA,NA,http://www.infibeam.com/Computers_Accessories/lenovo-ideapad-u510-59-349348-ultrabook-3rd-gen/P-coac-83224478640-cat-z.html
Dell Inspiron 14 3437 3437545001BU Laptop,http://www.flipkart.com/dell-inspiron-14-3437-laptop-4th-gen-ci5-4gb-500gb-ubuntu-1gb-graph/p/itmdqgqxu9cfh7vg?pid=COMDQGQXZGYN562Y,NA,NA,NA,NA,NA
HP Pavilion 15-N006AX Laptop,NA,NA,NA,NA,NA,NA
HP 450 Laptop,http://www.flipkart.com/hp-450-laptop-3rd-gen-ci3-4gb-500gb-dos/p/itmdzhybfts297dd?pid=COMDZHYBMXUZZFUJ,NA,NA,NA,NA,NA
Lenovo Essential G500s 59-383022 Laptop,http://www.flipkart.com/lenovo-essential-g500s-59-383022-laptop-3rd-gen-ci3-2gb-1tb-dos-1gb-graph/p/itmdtjnp7twuz78j?pid=COMDTJNPSBC73FYT,http://www.amazon.in/dp/B00J9B24O6,http://www.ebay.in/itm/Lenovo-G500s-59-383022-Laptop-3rdGen-Ci3-3110M-2GB-1TB-15-6LED-DVD-1GBGFX-DOS-/271489872818,NA,NA,NA
Acer Aspire E1-522A NX.M81SI.009 Laptop,http://www.flipkart.com/acer-aspire-e1-522a-laptop-apu-quad-core-a4-2gb-500gb-linux-nx-m81si-009/p/itmdmzxgzphzjrwy?pid=COMDMZXEQFNXJXYN,NA,NA,NA,NA,NA
Dell XPS 12 Ultrabook,http://www.flipkart.com/dell-xps-12-ultrabook-3rd-gen-ci7-8gb-256gb-ssd-win8-touch/p/itmdn4jfh33rwfpn?pid=COMDN4GVEJER2WPD,NA,NA,NA,NA,NA
Dell Inspiron 15 7537 7537565002ST Laptop,http://www.flipkart.com/dell-inspiron-15-7537-laptop-4th-gen-ci5-6gb-500gb-win8-2gb-graph-touch/p/itmdqggtnjey3cs2?pid=COMDQGGSH5RAJEBU,NA,NA,NA,NA,http://microsoftbuyback.infibeam.com/Computers_Accessories/dell-inspiron-15-7000-laptop-7537-core-i5/P-coac-60106491385-cat-z.html
Apple Air MD223HN-A MacBook,NA,NA,NA,NA,NA,NA
HP Pavilion 15-n003TX Laptop,http://www.flipkart.com/hp-pavilion-15-n003tx-laptop-4th-gen-ci5-4gb-1tb-win8-1gb-graph/p/itmdzhthzc2z9twm?pid=COMDZHTJ4SFYZMFD,http://www.amazon.in/dp/B00F8WT3BC,http://www.ebay.in/itm/HP-Pavilion-15-n003TX-Laptop-4th-Gen-Ci5-4GB-1TB-Win8-1GB-Graph-DOW20-/151302589764,NA,NA,http://www.infibeam.com/Computers_Accessories/hp-pavilion-15-n003tx-laptop-4th-gen-ci5/P-coac-8889177671-cat-z.html
Dell Vostro 3560 Laptop,http://www.flipkart.com/dell-vostro-3560-laptop-3rd-gen-ci5-4gb-500gb-win8/p/itmdjz5eyzz6z3xj?pid=COMDJZ5CMXHWU28G,NA,NA,NA,NA,NA
HP Pavilion 14-B003TX Sleekbook,NA,NA,NA,NA,NA,NA
Dell Inspiron 14R 5421 Laptop,http://www.flipkart.com/dell-inspiron-14r-5421-laptop-3rd-gen-ci3-4gb-500gb-win8-2gb-graph/p/itmdmfnsnpx3gbsy?pid=COMDMFNEAGDG5BVE,NA,NA,NA,NA,NA
Acer Acer V5-431P NX.M7LSI.001 Laptop,NA,NA,NA,NA,NA,NA
Acer Aspire V5 431 NX.M2SSI.002 Laptop,NA,NA,NA,NA,NA,NA
Toshiba Satellite C50D-A M0011 Laptop,http://www.flipkart.com/toshiba-satellite-c50d-a-m0011-laptop-apu-dual-core-2gb-500gb-no-os/p/itmduyfdzz7eghq3?pid=COMDUYFDZZ7EGHQ3,NA,http://www.ebay.in/itm/Toshiba-Satellite-C50D-A-M0011-Laptop-APU-Dual-Core-2GB-500GB-No-OS-/251510210015,NA,NA,NA
Apple MD212HN/A MacBook Pro,NA,NA,NA,NA,NA,NA
HP Pavilion G6-2202TX Laptop,NA,NA,NA,NA,NA,NA
HP Pavilion 15-E001AX Notebook,NA,NA,NA,NA,NA,NA
HP Pavilion G6-2226TU Laptop,NA,NA,NA,NA,NA,NA
Sony Vaio SVE1411AGN Laptop,http://www.flipkart.com/sony-vaio-e1411a-laptop-2nd-gen-ci3-2gb-500gb-win7-prof/p/itmdgzbhr7gsqxjf?pid=COMDGZBKPH2AZNAV,NA,NA,NA,NA,NA
Acer Aspire E1-572 NX.M8ESI.002 Laptop,http://www.flipkart.com/acer-aspire-e1-572-laptop-4th-gen-ci5-4gb-500gb-linux-nx-m8esi-002/p/itmdzxz82yzffmyt?pid=COMDZXZ7XGS9PZXE,http://www.amazon.in/dp/B00FGL4BXA,http://www.ebay.in/itm/Acer-Aspire-E1-572-4th-Gen-Ci5-4GB-500GB-Linux-NX-M8ESI-002-Carry-Case-/121342388773,NA,NA,http://www.infibeam.com/Computers_Accessories/acer-aspire-e1-572-laptop-4th-gen-ci5/P-coac-29159476641-cat-z.html
Toshiba Satellite C50D-A 60010 Laptop,NA,NA,NA,NA,NA,http://www.infibeam.com/Computers_Accessories/toshiba-c50d-60010-laptop-amd-a6-5200-quad/P-coac-99550754488-cat-z.html
Asus K55VD-SX3 Laptop,http://www.flipkart.com/asus-k55vd-sx313d-laptop-2nd-gen-ci3-4gb-500gb-dos-2gb-graph/p/itmdee27st2ra3hg?pid=COMDEEFBW2Z9AFUD,NA,NA,NA,NA,NA
HP 2000-2313TU Laptop,NA,NA,NA,NA,NA,NA
Acer Aspire E1-531 NX.M12SI.036 Laptop,NA,NA,NA,NA,NA,NA
Acer Aspire E1-531-BT NX.M12SI.027 Laptop,NA,NA,NA,NA,NA,NA
Acer Aspire V5-131 NX.M88SI.017 Netbook,NA,NA,NA,NA,NA,NA
Asus F200CA-KX069H Netbook,http://www.flipkart.com/asus-f200ca-kx069h-f200ca-laptop/p/itmdppysnzqyehez?pid=COMDPPYRE8WGYVQH,NA,http://www.ebay.in/itm/ASUS-F200CA-KX069H-Mini-Laptop-3rd-Gen-PDC-2117U-2GB-500GB-11-6-LED-Windows-8-/400712385447,NA,NA,NA
Apple Air MD232HN-A MacBook,NA,NA,NA,NA,NA,NA
Dell Inspiron 15 7537 7537781TB2ST Laptop,http://www.flipkart.com/dell-inspiron-15-7537-laptop-4th-gen-ci7-8gb-1tb-win8-2gb-graph-touch/p/itmdqgpdqxhzg4nf?pid=COMDQGPACXZ9SYXM,NA,NA,NA,NA,NA
Apple Air-MD231HN/A MacBook,NA,NA,NA,NA,NA,NA
Lenovo Ideapad Z580 59-333651 Laptop,http://www.flipkart.com/lenovo-ideapad-z580-59-333651-laptop-2nd-gen-ci3-4gb-500gb-win7-hb/p/itmdaba2bgmc6hev?pid=COMDABAY445BKKGN,NA,NA,NA,NA,NA
Toshiba Satellite C850-X5212 Laptop,http://www.flipkart.com/toshiba-satellite-c850-x5211-laptop-2nd-gen-ci5-2gb-500gb-win7-hb/p/itmddebz3cvxzhqu?pid=COMDDEBPD2QAUAUV,NA,NA,NA,NA,NA
HP Pavilion 15-N260TX Notebook,http://www.flipkart.com/hp-pavilion-15-n259tx-notebook-4th-gen-ci3-4gb-500gb-win8-1-2gb-graph/p/itmdus62htzdh4gb?pid=COMDUS5S9TQYXGGC,http://www.amazon.in/dp/B00JJCVF9U,http://www.ebay.in/itm/HP-Pavilion-15-N260TX-Laptop-Core-i3-4010U-4-GB-500-GB-2-GB-Grap-Windows-8-1-/161305828947,NA,NA,http://www.infibeam.com/Computers_Accessories/hp-pavilion-15-n260tx-notebook-pc-1-7/P-coac-15559825788-cat-z.html
Acer Aspire V5 571-NX.M1JSI.012 Laptop,http://www.flipkart.com/acer-aspire-v5-571-laptop-2nd-gen-ci3-4gb-500gb-linux-nx-m2dsi-012/p/itmdj3x84kvp2gfz?pid=COMDJ3XFTGFHRJHD,NA,NA,NA,NA,NA
Toshiba Satellite C50D-A 40010 Laptop,http://www.flipkart.com/toshiba-satellite-c50d-a-40010-laptop-apu-quad-core-a4-4gb-500gb-no-os-512mb-graph/p/itmdrcw8ymbrvvrg?pid=COMDRCW4HFXKZ2UQ,NA,NA,NA,NA,NA
Apple MC975HN-A MacBook Pro,NA,NA,NA,NA,NA,NA
Apple MD103HN-A MacBook Pro,NA,NA,NA,NA,NA,NA
Lenovo ThinkPad X230 2325-3VQ Laptop,http://www.flipkart.com/lenovo-thinkpad-x230-2325tvm-laptop-3rd-gen-ci5-4gb-500gb-win7-prof/p/itmdshynjze9heza?pid=COMDSHYJZ3WW2THG,NA,NA,NA,NA,NA
Apple Air MD761HN-A MacBook,http://www.flipkart.com/apple-md761hn-a-macbook-air-4th-gen-ci5-4gb-256gb-flash-mac-os-x-mountain-lion/p/itmdna8y5mgjuphg?pid=COMDNA7BABF97DF3,NA,http://www.ebay.in/itm/APPLE-MACBOOK-AIR-13-i51-3GHZ-4GB-RAM-236-GB-HD-GRAPHICS5000-MD-761HN-A-4TH-GEN-/221429092614,NA,NA,NA
Lenovo Ideapad Yoga 11S 59-369150 Netbook,http://www.flipkart.com/lenovo-ideapad-yoga-11s-59-369150-netbook-3rd-gen-ci3-4gb-128gb-ssd-win8-touch/p/itmdhz5gtaezkwyf?pid=COMDHZ5DFAQKRR2S,NA,NA,NA,NA,http://www.infibeam.com/Computers_Accessories/lenovo-ideapad-yoga-11s-59-369150-netbook/P-coac-59803370552-cat-z.html
Dell Inspiron 15R 5521 552136500iST Laptop,http://www.flipkart.com/dell-inspiron-15r-5521-laptop-3rd-gen-ci3-6gb-500gb-win8-touch/p/itmdny5aybthgp4v?pid=COMDNY4GT7H8UCPK,NA,NA,NA,NA,NA
Asus S56CA-XX056H Ultrabook,http://www.flipkart.com/asus-s56ca-xx056h-ultrabook-3rd-gen-ci5-4gb-750gb-24gb-ssd-win8/p/itmdhcy2tjpjfxbh?pid=COMDHCXUPDZ9G6Y7,NA,NA,NA,NA,NA
HP Pavilion G4-2049TX Laptop,NA,NA,NA,NA,NA,NA
Dell Inspiron 15 3521 352156500iBU Laptop,http://www.flipkart.com/dell-inspiron-15-3521-laptop-3rd-gen-ci5-6gb-500gb-ubuntu/p/itmdn25z7vqa2zqc?pid=COMDN25X3UBK88GH,NA,NA,NA,NA,NA
Toshiba Satellite U40-A I0110 Laptop,http://www.flipkart.com/toshiba-satellite-u40-a-i0110-laptop-4th-gen-ci3-4gb-750gb-win8-1/p/itmdrcw8n65zzhjk?pid=COMDRCW4Y6WZHMH7,NA,NA,NA,NA,http://www.infibeam.com/Computers_Accessories/toshiba-u40a-i0110-laptop-core-i3-4010u-4gb/P-coac-68334153486-cat-z.html
HP Pavilion G6-2301AX Laptop,NA,NA,NA,NA,NA,NA
Lenovo Essential G505s 59-379987 Laptop,http://www.flipkart.com/lenovo-essential-g505s-59-379987-laptop-apu-quad-core-a8-4gb-1tb-win8-2gb-graph/p/itmdz5afmgr6facs?pid=COMDZ59FTHJV9T9K,http://www.amazon.in/dp/B00FVSXTWC,NA,NA,NA,http://www.infibeam.com/Computers_Accessories/lenovo-g505-59-379987-notebook-a8-5550m-amd/P-coac-321363896-cat-z.html
Lenovo Essential G510 59-398411 Laptop,http://www.flipkart.com/lenovo-essential-g510-59-398411-laptop-4th-gen-ci3-2gb-500gb-dos-2gb-graph/p/itmdp26e2gufghw5?pid=COMDP26EWZWB9DHG,NA,NA,NA,NA,http://www.infibeam.com/Computers_Accessories/lenovo-essential-g510-59-398411-15-6-inches/P-coac-78454716953-cat-z.html
Toshiba Satellite C850-I5214 Laptop,http://www.flipkart.com/toshiba-satellite-c850-i5214-laptop-2nd-gen-ci3-4gb-500gb-win7-hb-1gb-graph/p/itmded4rfbxv3hcg?pid=COMDEDY5DGHPABUE,NA,NA,NA,NA,NA
Lenovo Ideapad Z580 59-382934 Laptop,http://www.flipkart.com/lenovo-ideapad-z580-59-382934-laptop-3rd-gen-ci3-2gb-500gb-dos/p/itmdmkbzzqndgqgu?pid=COMDMKBJTECFMT7F,NA,NA,NA,NA,NA
Acer E1-571 NX.M09SI.023 Laptop,NA,NA,NA,NA,NA,NA
Acer Aspire V5-471 NX.M3BSI.005 Laptop,NA,NA,NA,NA,NA,NA
Dell Vostro 2520 Laptop,http://www.flipkart.com/dell-vostro-2520-laptop-3rd-gen-ci5-4gb-500gb-win8/p/itmdjz8fzw4dwneg?pid=COMDJZ8EGTEHBS9J,NA,http://www.ebay.in/itm/Dell-Vostro-2520-Laptop-3rd-Gen-Core-i3-Processor-4GB-500GB-UBUNTU-15-6-Screen-/261479924744,NA,NA,NA
Apple MD104HN-A MacBook Pro,NA,NA,NA,NA,NA,NA
Apple Air-MD224HN/A MacBook,NA,NA,NA,NA,NA,NA
Lenovo Ideapad Yoga 13 59-369597 Ultrabook,http://www.flipkart.com/lenovo-ideapad-yoga-13-59-369597-ultrabook-3rd-gen-ci5-4gb-128gb-ssd-win8-touch/p/itmdjykstvapy5gg?pid=COMDJYKS568RRHUZ,NA,NA,NA,NA,NA
HP Envy M6-1214TX Laptop,NA,NA,NA,NA,NA,NA
HP Envy 4-1202TX Ultrabook,NA,NA,NA,NA,NA,NA
Dell Inspiron 15R 5521 Laptop,http://www.flipkart.com/dell-inspiron-15r-5521-laptop-3rd-gen-ci5-6gb-750gb-win8-2gb-graph-touch/p/itmdn28bvgjzuvgg?pid=COMDN283AFNFDCNU,NA,NA,NA,NA,NA
Samsung NP550P5C-S06IN Laptop,http://www.flipkart.com/samsung-np550p5c-s06in-laptop-3rd-gen-ci5-6gb-1tb-win8-2gb-graph/p/itmdngh33jxurzdj?pid=COMDNGGM2FBWQPNK,NA,NA,NA,NA,NA
Samsung NP350V5C-S07IN Laptop,http://www.flipkart.com/samsung-np350v5c-s07in-laptop-3rd-gen-ci5-4gb-1-tb-win8-2gb-graph/p/itmdeh2tfvzwepeb?pid=COMDEH2SKGQJEFFC,NA,NA,NA,NA,NA
Dell Vostro 2520 Laptop,http://www.flipkart.com/dell-dellv2520-3rd-gen-ci5-4gb-500gb-win-8-pro-15-6-vostro-series-laptop/p/itmdzmzd6xr4hh6s?pid=COMDZ7FRZSNJQ93V,NA,NA,NA,NA,NA
HP Pavilion G6-2203TX Laptop,NA,NA,NA,NA,NA,NA
Dell Inspiron 15R 5537 5537547502S Laptop,http://www.flipkart.com/dell-inspiron-15r-5537-laptop-4th-gen-ci5-4gb-750gb-win8-2gb-graph/p/itmdrsb6tzwf9fsq?pid=COMDQGPAKAVCCGAJ,NA,NA,NA,NA,NA
Lenovo Ideapad Z500 59-380480 Laptop,http://www.flipkart.com/lenovo-ideapad-z500-59-380480-laptop-3rd-gen-ci5-4gb-1tb-win8-1gb-graph/p/itmdhz79kjhjz5qz?pid=COMDHZ74QBWHCMZF,NA,http://www.ebay.in/itm/Lenovo-Laptop-Z500-59-380480-Intel-C-I5-4GB-1-TB-1GB-Graphic-15-6-Win8-/251526007384,NA,NA,NA
Acer Aspire E1-571G NX.M7CSI.004 Laptop,http://www.flipkart.com/acer-aspire-e1-571g-laptop-3rd-gen-corei5-4gb-500gb-win8-2gb-graph-nx-m7csi-004/p/itmdmnzmjzmzbfwb?pid=COMDMNZJ8TZSCY83,NA,NA,NA,NA,NA
Dell Vostro 2420 Laptop,http://www.flipkart.com/dell-dellv2420-3rd-genci3-4gb-500gb-win-8-pro-14-vostro-series-laptop/p/itmdzmzdgxprghcr?pid=COMDZ7FRFFZQ5D5Z,NA,NA,NA,NA,NA
Lenovo Essential G510 59-398452 Laptop,http://www.flipkart.com/lenovo-essential-g510-59-398452-laptop-4th-gen-ci5-4gb-500gb-win8-2gb-graph/p/itmdp26eprwf5k5v?pid=COMDP26E6XGNTYG3,http://www.amazon.in/dp/B00GHLFKWO,NA,NA,NA,http://www.infibeam.com/Computers_Accessories/lenovo-essential-g510-59-398452-laptop-4th-gen/P-coac-61573595758-cat-z.html
Lenovo Ideapad Flex 14 59-395516 Laptop,http://www.flipkart.com/lenovo-ideapad-flex-14-59-395516-laptop-4th-gen-ci3-4gb-500gb-8gb-ssd-win8-touch/p/itmdrnu9bynkdwph?pid=COMDRNU7Q3AF3ZY5,NA,http://www.mysmartprice.com,NA,NA,http://www.infibeam.com/Computers_Accessories/lenovo-ideapad-flex-14-59-395516-laptop-4th/P-coac-80768173723-cat-z.html
HP Pavilion 15-n004TX Laptop,http://www.flipkart.com/hp-pavilion-15-n004tx-laptop-4th-gen-ci5-4gb-500gb-ubuntu-1-gb-graph/p/itmdztntznzqgyft?pid=COMDZTNGK4EF2ADN,NA,NA,NA,NA,NA
Toshiba Satellite L50-A I3111 Laptop,http://www.flipkart.com/toshiba-satellite-l50-a-i3111-laptop-3rd-gen-ci3-4gb-1tb-win8-1-2gb-graph/p/itmdqhmhzteaajnh?pid=COMDQHMGVZBHMPDF,NA,NA,NA,NA,http://www.infibeam.com/Computers_Accessories/toshiba-satellite-l50-i3111-laptop-3rd-generation-intel/P-coac-18410185284-cat-z.html
Lenovo Essentail G510 59-398474 Laptop,http://www.flipkart.com/lenovo-essentail-g510-59-398474-laptop-4th-gen-ci5-4gb-500gb-win8/p/itmdpwhtnkpdzxzr?pid=COMDPWHBXDURGXP9,NA,NA,NA,NA,http://www.infibeam.com/Computers_Accessories/lenovo-essential-g510-59-382826-15-6-inches/P-coac-79696262718-cat-z.html
HP Pavilion G6-2204TX Laptop,NA,NA,NA,NA,NA,NA
HP Pavilion G6-2231TX Laptop,NA,NA,NA,NA,NA,NA
HP Pavilion 14-e007TU Laptop,NA,NA,NA,NA,NA,NA
HP Pavilion 15-N210TX Laptop,http://www.flipkart.com/hp-pavilion-15-n210tx-laptop-3rd-gen-ci3-4gb-500gb-win-8-1-2gb-graph/p/itmdrzzfq8ugthg8?pid=COMDRZWVW5YFC2F6,NA,NA,NA,NA,NA
Lenovo Essential G580 59-355396 Laptop,http://www.flipkart.com/lenovo-essential-g580-59-355396-laptop-2nd-gen-ci3-2gb-500gb-win8/p/itmdfzf94cyckeqs?pid=COMDFZF8ZZSDNKZ2,NA,NA,NA,NA,NA
Acer Aspire V5 571 NX.M1JSI.013 Laptop,http://www.flipkart.com/acer-aspire-v5-571-laptop-2nd-gen-ci3-4gb-500gb-win8-nx-m1jsi-016/p/itmdj3x8yxeh7yym?pid=COMDJ3XFYYHTAYRH,NA,NA,NA,NA,NA
HP 4540s DON68PA ProBook Laptop,http://www.flipkart.com/hp-4540s-probook-3rd-gen-ci3-2gb-500gb-dos/p/itmdhgsz8xhbshsg?pid=COMDHGSUZSXSZGJH,NA,NA,NA,NA,NA
Dell Inspiron 15 3521 Laptop,http://www.flipkart.com/dell-inspiron-15-3521-laptop-3rd-gen-pdc-4gb-500gb-win8/p/itmdn4h29cmkbh6z?pid=COMDN4HYGWEED4D3,NA,NA,NA,NA,NA
Toshiba Satellite C850-I0014 Laptop,http://www.flipkart.com/toshiba-satellite-c850-i0014-laptop-3rd-gen-ci3-2gb-500gb-no-os/p/itmdmchjqfkmupa2?pid=COMDMCHGB8UTARFW,NA,http://www.ebay.in/itm/Toshiba-Satellite-C850-I0014-Laptop-3rd-Gen-CoreI3-2GB-500GB-15-6-DOS-Warranty-/400712344027,NA,NA,NA
Acer Aspire V5 431 NX.M17SI.004 Laptop,NA,NA,NA,NA,NA,NA
Lenovo Essential G500 59-403742 Laptop,http://www.flipkart.com/lenovo-essential-g500-59-403742-laptop-3rd-gen-pdc-2gb-500gb-dos/p/itmdrhp4h5gujhjs?pid=COMDRHZXVKAGRT2F,NA,NA,NA,NA,NA
Wipro E.go Workbook Laptop,http://www.flipkart.com/wipro-ego-laptop/p/itmdzjvpfk5nfzmz?pid=COMDZJT2UP9QDUAT,NA,NA,NA,NA,NA
HP Envy M6-1215TX Laptop,NA,NA,NA,NA,NA,NA
HP  ENVY 4-1104TU Laptop,NA,NA,NA,NA,NA,NA
HP ENVY 4-1103TU Laptop,NA,NA,NA,NA,NA,NA
HP 4540s DON69PA Probook Laptop,http://www.flipkart.com/hp-4540s-laptop/p/itmdq3bxwpzkeugx?pid=COMDQ3BHJGGZTHEN,NA,NA,NA,NA,NA
Acer  Aspire M3-581TG (NX.RYKSI.006) Ultraboo..,NA,NA,NA,NA,http://www.homeshop18.com/acer-aspire-m3-581tg-laptop-3rd-gen-intel-core-i5-3317u-4gb-500gb-15-6-windows-8-black/computers-tablets/laptops/product:31024383/cid:16319/,NA
Acer Aspire V5-571G NX.M62SI.002 Laptop,NA,NA,NA,NA,NA,NA
HP Envy X2 11-G004TU Laptop,http://www.flipkart.com/hp-envy-x2-11-g004tu-laptop-2nd-gen-adc-2gb-64gb-emmc-win8-touch/p/itmdgrxbfjn3ujzz?pid=COMDGRXBNW8GBJZ5,http://www.amazon.in/dp/B00CM168YC,NA,NA,NA,NA
Lenovo Ideapad Flex 14 59-395515 Laptop,http://www.flipkart.com/lenovo-ideapad-flex-14-59-395515-laptop-4th-gen-ci3-4gb-500gb-8gb-ssd-win8-2gb-graph-touch/p/itmdrnu9r4gchw7s?pid=COMDRNU7E5XRSBMB,NA,NA,NA,NA,http://www.infibeam.com/Computers_Accessories/lenovo-ideapad-flex-14-59-395515-laptop-4th/P-coac-56454237266-cat-z.html
HP Pavilion G6-2312AX Laptop,NA,NA,NA,NA,NA,NA
Lenovo Essential G505S 59-380131 Laptop,NA,NA,NA,NA,NA,http://www.infibeam.com/Computers_Accessories/lenovo-g505-59-380131-notebook-10-5750m-amd/P-coac-63203122266-cat-z.html
HP Pavilion G6-2232TX Laptop,NA,NA,NA,NA,NA,NA
Acer Aspire E1-571G-BT NX.M7CSI.003 Laptop,NA,NA,NA,NA,NA,NA
Acer Aspire V5 571 NX.M2DSI.011 Laptop,NA,NA,NA,NA,NA,NA
Toshiba Satellite C850-I2010 Laptop,http://www.flipkart.com/toshiba-satellite-s50-a-i2010-laptop-3rd-gen-ci3-4gb-500gb-no-os-1gb-graph/p/itmdqggthtd58guz?pid=COMDQGGSDQKBDTNF,NA,NA,NA,NA,NA
Asus X200CA-KX219D VivoBook,http://www.flipkart.com/asus-x200ca-kx219d-vivobook-3rd-gen-ci3-4gb-500gb-dos/p/itmdrbsuubfzjuua?pid=COMDRBSSQGFVRMVB,NA,NA,NA,NA,NA
Lenovo IdeaPad B590 59-390109 Laptop,http://www.flipkart.com/lenovo-ideapad-b590-59-390109-laptop-3rd-gen-pdc-2gb-500gb-dos/p/itmdpwgzgggpmwpj?pid=COMDPWGZY2ZH5QKF,NA,NA,NA,NA,NA
Asus Versatile X550CA-XO259D Laptop,http://www.flipkart.com/asus-versatile-notebook-series-laptop/p/itmdq8u83z6a2bhz?pid=COMDQ8U82A9RNHYJ,NA,NA,NA,NA,NA
HP 250 E1Q79PA Laptop,http://www.flipkart.com/hp-e1q79pa-laptop-pdc-3rd-gen-2gb-500gb-dos/p/itmdq3bxe7zhts5j?pid=COMDQ3BHRWBCAZHV,NA,NA,NA,NA,http://www.infibeam.com/Computers_Accessories/hp-business-notebook-hp250-e1q79pa-intel-pentium-m/P-coac-86891256735-cat-z.html
Dell Alienware 17 Laptop,http://www.flipkart.com/dell-alienware-17-laptop-4th-gen-ci7-16gb-750gb-win8-3gb-graph/p/itmdnx2rzkhuncv2?pid=COMDNX2Z2HMEPUS9,NA,NA,NA,NA,NA
HP Envy Touchsmart 4-1113TU Ultrabook,NA,NA,NA,NA,NA,NA
HP Envy 4-1201TX Ultrabook,NA,NA,NA,NA,NA,NA
HP ENVY SPECTRE 13-2001TU  Laptop,NA,NA,NA,NA,NA,NA
Asus S550CM-CJ054H Vivobook,NA,NA,NA,NA,http://www.homeshop18.com/asus-s550cm-cj054h-intel-core-i5-3317u-4gb-750gb-15-6-windows-8-vivobook-black/computers-tablets/laptops/product:30519803/cid:16323/,NA
Asus K55VM-SX086D Laptop,http://www.flipkart.com/asus-k55vm-sx086d-laptop-3rd-gen-ci7-8gb-1tb-dos-2gb-graph/p/itmd7vs3cgw4twkr?pid=COMD9N342ZPMUNJA,NA,NA,NA,NA,NA
Samsung NP550P5C-S04IN Laptop,http://www.flipkart.com/samsung-np550p5c-s04in-laptop-3rd-gen-ci5-6gb-1-tb-win8-2gb-graph/p/itmdeh2tvgytgrkj?pid=COMDEH2SDVGNWXEC,NA,NA,NA,NA,NA
HP Pavilion G6-2221TU Laptop,NA,NA,NA,NA,NA,NA
Asus X550CC-XO029D Versatile Notebook,http://www.flipkart.com/asus-versatile-notebook-series-laptop/p/itmdq8u8bxem6635?pid=COMDQ8U84RV33GFN,NA,NA,NA,http://www.homeshop18.com/asus-versatile-x550cc-xo029d-laptop-3rd-gen-intel-core-i5-3337u-4gb-750gb-15-6-dos-dark-grey/computers-tablets/laptops/product:30991751/cid:16319/,NA
Lenovo Essential G510 59-382843 Laptop,http://www.flipkart.com/lenovo-essential-g510-59-382843-laptop-4th-gen-ci5-4gb-500gb-dos-2gb-graph/p/itmds7zxg2ugvgat?pid=COMDS7WYHHVPJQSZ,NA,NA,NA,NA,http://www.infibeam.com/Computers_Accessories/lenovo-g510-59-382843-4rd-gen-core-i5/P-coac-88381237987-cat-z.html
Acer Aspire V5-572 NX.MAFSI.002 Laptop,http://www.flipkart.com/acer-v5-572g-nx-mafsi-002-laptop-2nd-gen-ci3-4gb-500gb-win8-2gb-graph/p/itmdswy473sjftmj?pid=COMDSWY4FFV3KPTR,NA,NA,NA,http://www.homeshop18.com/acer-aspire-v5-572p-laptop-2nd-gen-intel-core-i3-2375m-4gb-500gb-15-6-windows-8-silver/computers-tablets/laptops/product:31024385/cid:16315/,NA
HP Pavilion 15-E024TU Laptop,NA,NA,NA,NA,NA,NA
Acer V5-431P NX.M7LSI.003 Laptop,NA,NA,NA,NA,NA,NA
Asus X551CA-SX014H Laptop,http://www.flipkart.com/asus-x551ca-sx014h-laptop-3rd-gen-ci3-4gb-500gb-win8/p/itmdrkhc3whyd2uf?pid=COMDRKHCGDWZNZMD,NA,NA,NA,NA,NA
Acer Aspire V5-531 NX.M1HSI.008 Laptop,NA,NA,NA,NA,NA,NA
Acer Aspire V5-131 NX.M87SI.002 Laptop,NA,NA,NA,NA,NA,NA
Acer Aspire One 756 NU.SGYSI.014 Netbook,NA,NA,NA,NA,NA,NA
Lenovo Ideapad Y510 59-390016 Laptop,http://www.flipkart.com/lenovo-ideapad-y510-59-390016-laptop-4th-gen-ci7-8gb-1tb-win8-2gb-graph/p/itmdr5tthexkfgrf?pid=COMDZ59FESCW6E46,http://www.amazon.in/dp/B00HR203XI,NA,NA,NA,http://www.infibeam.com/Computers_Accessories/lenovo-y510-59-390016-notebook/P-coac-42769460838-cat-z.html
HP Pavilion DV6-7207TX Laptop,NA,NA,NA,NA,NA,NA
HP Envy 4-1203TX Ultrabook,NA,NA,NA,NA,NA,NA
HP  ENVY 4-1105TX Laptop,NA,NA,NA,NA,NA,NA
Lenovo Ideapad Flex 14 59-395514 Laptop,http://www.flipkart.com/lenovo-ideapad-flex-14-59-395514-laptop-4th-gen-ci5-4gb-500gb-8gb-ssd-win8-2gb-graph-touch/p/itmdrnu9ubtg8mad?pid=COMDRNU7FYQSCTHZ,NA,http://www.ebay.in/itm/Lenovo-Ideapad-Flex14-59-395514-4thG-i5-4GB-500GB-8GB-SSD-14-2GBGFXWIN8-Touch-/261479420926,NA,NA,NA
Dell Inspiron 15 3537 3537561TB2B Laptop,http://www.flipkart.com/dell-inspiron-15-laptop-4th-gen-ci5-6gb-1tb-win8-2gb-graph/p/itmdpznnnzjygqzj?pid=COMDPZNHZGFEXXXE,NA,http://www.ebay.in/itm/DELL-INSPIRON-15-3537-Ci-5-4rthGen-4200U-6GB-1TB-DVD-RW-15-6-LED-2GB-GFX-WIN8-1-/271489026489,NA,NA,NA
HP Pavilion 15-n013TX Laptop,http://www.flipkart.com/hp-pavilion-15-n013tx-laptop-4th-gen-ci5-4gb-1tb-win8-2gb-graph/p/itmdzhthxwfyhzx4?pid=COMDZHTJSHH6HBQF,NA,NA,NA,NA,http://www.infibeam.com/Computers_Accessories/hp-pavilion-15-n012tx-laptop-4th-generation-intel/P-coac-98851962118-cat-z.html
Acer V5-571G NX.M3NSI.003 Laptop,NA,NA,NA,NA,NA,NA
Lenovo ThinkPad E431 62774UQ Laptop,http://www.flipkart.com/lenovo-thinkpad-e431-62774uq-laptop-3rd-gen-ci5-2gb-500gb-dos/p/itmdrdvqsyy773gn?pid=COMDRDVQX9FSZAWF,NA,NA,NA,NA,NA
Acer Aspire E1-571G-BT NX.M7CSI.002 Laptop,NA,NA,NA,NA,NA,NA
Toshiba Satellite L40-A X0110 Laptop,http://www.flipkart.com/toshiba-satellite-l-series-laptop/p/itmdq8u8n5grezmz?pid=COMDQ8U8GPBKQNHZ,http://www.amazon.in/dp/B00EPWAULS,NA,NA,NA,http://www.infibeam.com/Computers_Accessories/toshiba-satellite-l40-x0110-laptop-3rd-gen-intel/P-coac-55357786888-cat-z.html
HP Probook 4440s D5J47PA Laptop,http://www.flipkart.com/hp-probook-4440s-series-laptop/p/itmdzuvyjbgbxckx?pid=COMDZUUZZ4FUM6KG,http://www.amazon.in/dp/B00ATPLR9E,NA,NA,NA,http://www.infibeam.com/Computers_Accessories/hp-probook-4440s-d5j47pa-laptop-3rd-gen-ci5/P-coac-68382653860-cat-z.html
Acer Aspire V5-471P NX.M3USI.006 Laptop,NA,NA,NA,NA,NA,NA
HP Pavilion Touchsmart 15-n201TU Laptop,NA,NA,NA,NA,NA,http://www.infibeam.com/Computers_Accessories/hp-pavilion-touchsmart-15-n201tu-laptop-3rd-gen/P-coac-76553917292-cat-z.html
Acer Aspire E1-571G-BT NX.M7CSI.001 Laptop,NA,NA,NA,NA,NA,NA
HP 4440S ProBook FOW24PA Laptop,http://www.flipkart.com/hp-4440s-laptop/p/itmdq3bxdbfxgyyb?pid=COMDQ3BHFWQ74JDH,http://www.amazon.in/dp/B00FI1RWB6,NA,NA,NA,NA
Lenovo Essential G580 59-358310 Laptop,http://www.flipkart.com/lenovo-essential-g580-59-358310-laptop-3rd-gen-ci3-2gb-500gb-win8/p/itmdhcy25sh7a6k7?pid=COMDHCXU84RG65EN,NA,NA,NA,NA,NA
Acer Aspire V5-571 NX.M1KSI.009 Laptop,NA,NA,NA,NA,NA,NA
Toshiba Satellite C50-A X0012 Laptop,http://www.flipkart.com/toshiba-satellite-c50-a-x0011-laptop-4th-gen-ci5-4gb-500gb-no-os/p/itmdrcw89nnz3ekr?pid=COMDRCW4GT3Y458S,NA,NA,NA,NA,http://www.infibeam.com/Computers_Accessories/toshiba-satellite-c50-x0012-laptop-4th-gen-ci5/P-coac-4711858963-cat-z.html
Asus X550CC-XO072D Laptop,http://www.flipkart.com/asus-x550cc-xo072d-laptop-3rd-gen-ci3-4gb-500gb-dos-2gb-graph/p/itmdrhp4yfhrbfqp?pid=COMDRHZXGVQGJAWZ,NA,NA,NA,NA,NA
Lenovo Essential G580 59-357694 Laptop,http://www.flipkart.com/lenovo-essential-g580-59-357694-laptop-3rd-gen-ci3-4gb-320gb-win8-1gb-graph/p/itmdgat9gjnchupq?pid=COMDGASEXHHCDS4A,NA,NA,NA,NA,NA
HP Pavilion 15-n018TU Laptop,http://www.flipkart.com/hp-pavilion-15-n018tu-laptop-3rd-gen-ci3-2gb-500gb-win8/p/itmdzskmf3zhezza?pid=COMDZSKMGHZK8KPH,NA,NA,NA,NA,NA
Lenovo Ideapad B490 59-381813 Laptop,http://www.flipkart.com/lenovo-ideapad-b490-laptop/p/itmdrdvqfz5xz2vg?pid=COMDRDVQTK4AG7VA,NA,NA,NA,NA,NA
Lenovo B490 59-381836 Laptop,http://www.flipkart.com/lenovo-b490-59-381836-laptop-3rd-gen-ci3-2gb-500gb-dos/p/itmdqafff8pgf9ye?pid=COMDQAFF9G9SHG6S,NA,NA,NA,NA,NA
HP 250 E8D87PA Laptop,http://www.flipkart.com/hp-250-laptop-3rd-gen-ci3-4gb-500gb-dos/p/itmdpxgyskrgymkn?pid=COMDPXHMZHKRCBFK,NA,NA,NA,NA,http://www.infibeam.com/Computers_Accessories/hp-business-notebook-hp250-e8d87pa-core-i3-3rd/P-coac-26070677568-cat-z.html
Asus X550CA-XO702D Laptop,http://www.flipkart.com/asus-x550ca-xo702d-laptop-3rd-gen-ci3-2gb-500gb-dos/p/itmdrjhyfjffbd7f?pid=COMDRJHXXWVTWZ5D,NA,NA,NA,NA,NA
Acer Aspire E1-522A NX.M81SI.008 Laptop,NA,NA,http://www.ebay.in/itm/Acer-Aspire-E1-522A-Laptop-APU-A6-QuadCore-2GB-500GB-Linux-/271489618956,NA,NA,NA
Apple ME294HN-A Macbook Pro Laptop,http://www.flipkart.com/apple-macbook-pro-laptop/p/itmdpxq53pmrjww8?pid=COMDPXQ54CNJA5DG,NA,NA,NA,NA,NA
Apple MD213HN-A MacBook Pro,NA,NA,NA,NA,NA,NA
Acer Aspire S7-392 NX.MBKSI.005 Ultrabook,http://www.flipkart.com/acer-aspire-s7-392-ultrabook-4th-gen-ci5-4gb-256gb-ssd-win8-touch-nx-mbksi-005/p/itmdzuunq4jfapgx?pid=COMDZUUH87SQRHFH,NA,NA,NA,NA,http://www.infibeam.com/Computers_Accessories/acer-aspire-s7-392-ultrabook-4th-gen-ci5/P-coac-39503078817-cat-z.html
Apple ME865HN-A Macbook Pro Laptop,http://www.flipkart.com/apple-macbook-pro-laptop/p/itmdpxq5yzkrufhw?pid=COMDPXQ5NKZU4NKZ,NA,NA,NA,NA,NA
Dell Inspiron 15R 5537 5537781TB2ST Laptop,http://www.flipkart.com/dell-inspiron-15r-laptop-4th-gen-ci7-8gb-1tb-win8-2gb-graph-touch/p/itmdpgfmwzfgxnbj?pid=COMDPGFMZDMZCBZ5,http://www.amazon.in/dp/B00HMZRZ7C,NA,NA,NA,NA
HP Pavilion M6-1104TX Laptop,NA,NA,NA,NA,NA,NA
HP  ENVY 4-1102TX Ultrabook,NA,NA,NA,NA,NA,NA
Dell Inspiron 15R 5537 5537781TB2S Laptop,http://www.flipkart.com/dell-inspiron-15r-5537-laptop-4th-gen-ci7-8gb-1tb-win8-2gb-graph/p/itmdqgpddya6tqzx?pid=COMDQGPAX2TA2WZF,NA,NA,NA,NA,NA
Dell Inspiron 15 3537 3537781TB2B Laptop,http://www.flipkart.com/dell-inspiron-15-laptop-4th-gen-ci7-8gb-1tb-win8-2gb-graph/p/itmdpzjm3hyzfbfg?pid=COMDPZJC9STYFRP9,NA,NA,NA,NA,http://www.infibeam.com/Computers_Accessories/dell-new-inspiron-15-3537-laptop-3537-core/P-coac-78098442920-cat-z.html
HP  ENVY 4-1104TX Laptop,NA,NA,NA,NA,NA,NA
HP Pavilion M4-1003TX Laptop,NA,NA,NA,NA,NA,NA
Acer Aspire V5-471P NX.M3USI.005 Laptop,NA,NA,NA,NA,NA,NA
Acer Aspire V5-573G NX.MCGSI.002 Laptop,http://www.flipkart.com/acer-aspire-v5-573g-laptop-4th-gen-ci5-6gb-1tb-win8-2gb-graph-nx-mcgsi-002/p/itmdp98yr6hefcqz?pid=COMDP98WHKMXAHSM,NA,NA,NA,NA,NA
Dell Inspiron 3537 353756500iBT Laptop,http://www.flipkart.com/dell-inspiron-3537-laptop-4th-gen-ci5-6gb-500gb-win8-touch/p/itmdztmysz7r6jf8?pid=COMDZTMZMUWG2AJZ,NA,NA,NA,NA,NA
Dell Inspiron 15R 5537 553734500iB Laptop,http://www.flipkart.com/dell-inspiron-15r-5537-laptop-4th-gen-ci3-4gb-500gb-win8/p/itmdreqp8g3sknuf?pid=COMDQGT4WHGVM9PT,NA,NA,NA,NA,NA
HP 4441s DON63PA Probook Laptop,http://www.flipkart.com/hp-4441s-probook-3rd-gen-ci3-4gb-750gb-win8-1gb-graph/p/itmdsuzsxczkg49z?pid=COMDZTTYGNQ4YUUH,NA,NA,NA,NA,NA
Acer Aspire E1-571-BT NX.M09SI.035 Laptop,NA,NA,NA,NA,NA,NA
Toshiba Satellite S50-A X2010 Laptop,http://www.flipkart.com/toshiba-satellite-s50-a-x2010-laptop-4th-gen-ci5-4gb-500gb-no-os-1gb-graph/p/itmdqggtryvbzzxs?pid=COMDQGGS44SSPFUK,NA,NA,NA,NA,NA
HP Pavilion G6-2227TU Laptop,NA,NA,NA,NA,NA,NA
HP Pavilion 15-N019TU Laptop,http://www.flipkart.com/hp-pavilion-15-n019tu-laptop-3rd-gen-ci3-4gb-1tb-win8/p/itmdzn2btzegpayp?pid=COMDZN253MVEDZYR,http://www.amazon.in/dp/B00ESZJ8YW,NA,NA,NA,NA
HP Pavilion 15-N011TU Laptop,http://www.flipkart.com/hp-pavilion-15-n011tu-laptop-4th-gen-ci5-4gb-500gb-ubuntu/p/itmdztmyhz5eyakb?pid=COMDZTMZTGTJ6GVA,http://www.amazon.in/dp/B00FGS1YH4,NA,NA,NA,http://www.infibeam.com/Computers_Accessories/hp-pavilion-15-n011tu-laptop-4th-gen-ci5/P-coac-13840778290-cat-z.html
Lenovo Essential G500s 59-383016 Laptop,http://www.flipkart.com/lenovo-essential-g500s-59-383016-laptop-3rd-gen-ci3-4gb-500gb-win8-2gb-graph/p/itmdzjz9xkvgpxnf?pid=COMDZJMHFNVTXFJK,http://www.amazon.in/dp/B00FGSU9Q6,http://www.ebay.in/itm/Lenovo-G500s-Laptop-59-383016-3rdGen-Ci3-4GB-500GB-15-6LED-DVDRW-2GB-GFX-WIN8-/291146560199,NA,NA,http://www.infibeam.com/Computers_Accessories/lenovo-g500s-59-383016-notebook-3rd-generation-intel/P-coac-24185135375-cat-z.html
Acer Aspire E1-571 NX.M09SI.030 Laptop,NA,NA,NA,NA,NA,NA
Acer Aspire V5-472 NX.MB2SI.008 Notebook,http://www.flipkart.com/acer-aspire-v5-472-notebook-3rd-gen-ci3-4gb-500gb-win8-nx-mb2si-008/p/itmdqhmhfa97dzq6?pid=COMDQHMG4E3C57PJ,NA,NA,NA,NA,NA
Asus X550CA-XO096H X Series Laptop,http://www.flipkart.com/asus-x550ca-xo096h-x-series-laptop/p/itmdqqn7hqjvxrca?pid=COMDQQN7HMBHM4ND,NA,NA,NA,NA,NA
Acer Aspire V5-572 NX.M9YSI.010 Laptop,http://www.flipkart.com/acer-aspire-v5-572-laptop-3rd-gen-ci3-4gb-500gb-linux-nx-m9ysi-010/p/itmdzz66z3mvgj85?pid=COMDZZ5AUSJUCZZH,NA,NA,NA,NA,http://www.infibeam.com/Computers_Accessories/acer-aspire-v5-572-nx-m9ysi-010-laptop/P-coac-44126011453-cat-z.html
Lenovo IdeaPad B590 59-390111 Laptop,http://www.flipkart.com/lenovo-ideapad-b590-laptop/p/itmdrdvq8hzn65ju?pid=COMDRDVQFQB7YFPU,NA,NA,NA,NA,NA
HP 240 E8D83PA Laptop,http://www.flipkart.com/hp-240-e8d83pa-laptop-3rd-gen-ci3-4gb-500gb-dos/p/itmdzuvyjtcdu4ru?pid=COMDZUUZWY7EMDZG,NA,NA,NA,NA,NA
Acer Aspire V5 531 NX.M1HSI.007 Laptop,NA,NA,NA,NA,NA,NA
Acer Aspire E1-570 NX.MEPSI.001 Notebook,http://www.flipkart.com/acer-aspire-e1-570-notebook-3rd-gen-ci3-2gb-500gb-linux-nx-mepsi-001/p/itmdqkvbz5nq5ksr?pid=COMDQKVAXA73KPMD,NA,NA,NA,NA,NA
Acer Aspire V5-572 NX.M9YSI.011 Laptop,http://www.flipkart.com/acer-aspire-v5-572-laptop-3rd-gen-pdc-4gb-500gb-linux-nx-m9ysi-011/p/itmdzz66cznsufe2?pid=COMDZZ5AHFU26FZH,NA,NA,NA,NA,NA
Lenovo Essential G580 59-398232 Laptop,http://www.flipkart.com/lenovo-essential-g-series-laptop/p/itmdq5mjngj54hu7?pid=COMDQ5MJFPJWPHTU,NA,NA,NA,NA,NA
Apple ME293HN-A Macbook Pro Laptop,http://www.flipkart.com/apple-me293hn-a-macbook-pro-4th-gen-ci7-8gb-256-gb-mac-os-x-mavericks-retina-display/p/itmdpxq5uqhsdhyu?pid=COMDPXQ5H4YAFZHH,NA,NA,NA,NA,NA
Lenovo ThinkPad T430 2349-O92 Laptop,http://www.flipkart.com/lenovo-thinkpad-t430-2349ugu-laptop-3rd-gen-ci5-4gb-500gb-win7-prof/p/itmdshynszjne6yz?pid=COMDSHYJMPFD7QJH,NA,NA,NA,NA,NA
HP Pavilion G6-2237TX Laptop,NA,NA,NA,NA,NA,NA
Toshiba U840W-X0310 Laptop,http://www.flipkart.com/toshiba-satellite-u-series-u840w-x0310-laptop/p/itmdq8u8khvfs3qx?pid=COMDQ8U8RTXCRRUZ,NA,NA,NA,NA,NA
HP Pavilion DM4-3022TX Laptop,http://www.flipkart.com/hp-pavilion-dm4-3022tx-laptop-2nd-gen-ci5-6gb-640gb-win7-hp-1gb-graph/p/itmd9gbtzhrtbg7n?pid=COMD9GAP9F3S6SJM,NA,NA,NA,NA,NA
Acer Aspire V5-571P NX.M49SI.003 Laptop,http://www.flipkart.com/acer-aspire-v5-571p-laptop-3rd-gen-ci5-4gb-500gb-win8-touch-nx-m49si-003/p/itmdkpq5faef9pm9?pid=COMDKPPZ3ZFZUPZE,NA,NA,NA,NA,NA
Toshiba Tecra R840-X4433 Laptop,http://www.flipkart.com/toshiba-tecra-r840-laptop-2nd-gen-ci5-4gb-320gb-win7-pro/p/itmdzmxrv4hwzmkv?pid=COMDNK67YNA5FMUX,NA,NA,NA,NA,NA
HP Pavilion 15-E039TX Laptop,http://www.flipkart.com/hp-15-e039tx-15e-series-laptop/p/itmdn4bjbjzzanbb?pid=COMDN4BHVPZN4XHS,NA,NA,NA,NA,NA
Dell Inspiron 15R 7520 Laptop,http://www.flipkart.com/dell-inspiron-15r-laptop/p/itmdrhtdaw9zafuy?pid=COMDRHTCKZHGDQMB,NA,NA,NA,NA,NA
Asus S300CA-C1048H Vivobook Laptop,http://www.flipkart.com/asus-s300ca-c1048h-laptop-3rd-gen-ci5-4gb-500gb-win8-touch/p/itmdrmsna4szcvjk?pid=COMDRMSN4AZGTMZG,NA,NA,NA,NA,NA
Acer V3-571G NX.M69SI.001 Laptop,NA,NA,NA,NA,NA,NA
HP Pavilion 14-N009TU Laptop,NA,http://www.amazon.in/dp/B00FF65N2E,NA,NA,NA,NA
HP Pavilion TouchSmart 15-N015TX Laptop,http://www.flipkart.com/hp-pavilion-touchsmart-15-n015tx-laptop-3rd-gen-ci3-4gb-500gb-win8-1gb-graph-touch/p/itmdqjxhzzkd55ry?pid=COMDQJXHH69FYWZE,NA,NA,NA,NA,NA
Acer Aspire E1-470P NX.MF8SI.001 Notebook,NA,NA,NA,NA,NA,http://www.infibeam.com/Computers_Accessories/acer-aspire-e1-470p-nx-mf8si-001-laptop/P-coac-87891868144-cat-z.html
HP Pavilion 15-e026AX Laptop,NA,NA,NA,NA,NA,NA
HP Pavilion 15-N208TU Laptop,http://www.flipkart.com/hp-pavilion-15-n208tu-laptop-3rd-gen-ci3-4gb-500gb-win8-1/p/itmdrsag5mbcn8dh?pid=COMDRS9YBPUQMQRG,http://www.amazon.in/dp/B00GYQXO6Q,NA,NA,NA,NA
Acer Aspire V5-572 NX.M9YSI.012 Laptop,http://www.flipkart.com/acer-aspire-v5-572-laptop-3rd-gen-ci3-4gb-500gb-win8-nx-m9ysi-012/p/itmdzz66cpcz9ya3?pid=COMDZZ5ASCFA7NFP,NA,NA,NA,NA,http://www.infibeam.com/Computers_Accessories/acer-aspire-v5-572-nx-m9ysi-012-laptop/P-coac-53490444597-cat-z.html
Asus X550CC-XX072D X Series Laptop,http://www.flipkart.com/asus-x550cc-xx072d-x-series-laptop/p/itmdqqn7prsyhutz?pid=COMDQQN75RDFQZWH,NA,NA,NA,NA,NA
Asus S200E-CT331H VivoBook Notebook,http://www.flipkart.com/asus-vivo-book-notebook-series-laptop/p/itmdq8u8pmkhyf4c?pid=COMDQ8U8CNEYV7JQ,NA,http://www.ebay.in/itm/ASUS-VIVOBOOK-S200E-CT331H-3rd-Gen-DC-4GB-500GB-11-6-TOUCH-Win-8-1-4-KG-/281336671249,NA,NA,NA
HP Pavilion 15-G004AU Laptop,http://www.flipkart.com/hp-pavilion-15-g004au-laptop-apu-dual-core-2gb-500gb-win-8-1/p/itmdryz5zmcc6uvp?pid=COMDRYNYDGGZSHY2,NA,NA,NA,NA,NA
Samsung XE303C12-A01IN Chromebook,http://www.flipkart.com/samsung-xe303c12-a01in-chromebook-samsung-exynos-5-dual-2gb-16-gb-emmc-chrome-os/p/itmdqd9fet3hpcfy?pid=COMDQD9FGQZ4EX3F,NA,NA,NA,NA,NA
Apple ME866HN-A Macbook Pro Laptop,http://www.flipkart.com/apple-macbook-pro-laptop/p/itmdpxq5thqnk3yw?pid=COMDPXQ5NZCSTJ8Y,NA,NA,NA,NA,NA
HP Probook 6570b D0M83PA Laptop,http://www.flipkart.com/hp-probook-6570b-series-laptop/p/itmdzuvyvzybybyz?pid=COMDZUUZNTEVAHZV,http://www.amazon.in/dp/B00A928M0Y,NA,NA,NA,NA
HP Pavilion TouchSmart 15-B140TX Laptop,http://www.flipkart.com/hp-pavilion-15-b140tx-touchsmart-laptop-3rd-gen-ci5-4gb-500gb-win8-2gb-graph/p/itmdrnfmghhyny5s?pid=COMDRNFMYJMUC9K6,http://www.amazon.in/dp/B00EUXCLAK,NA,NA,NA,NA
Asus X550LC-XX039D Laptop,http://www.flipkart.com/asus-x550lc-xx039d-laptop-4th-gen-ci5-4gb-750gb-dos-2gb-graph/p/itmdrjhyegcmrb9b?pid=COMDRJHXTE4MVTJJ,NA,NA,NA,NA,NA
Toshiba Satellite C50-A I0110t Laptop,http://www.flipkart.com/toshiba-c50-series-laptop/p/itmdzmx9f9zt4huu?pid=COMDNWAG28AAPAY8,NA,NA,NA,NA,NA
Acer Aspire E1-571 NX.M09SI.045 Laptop,http://www.flipkart.com/acer-aspire-e1-571-laptop-3rd-gen-ci3-2gb-500gb-linux/p/itmdzq3fz75ybj8k?pid=COMDZQ3EHKKRF3C3,NA,NA,NA,NA,NA
Lenovo Ideapad B490 59-382575 Laptop,http://www.flipkart.com/lenovo-ideapad-b490-laptop/p/itmdrdvqcwfqq7r6?pid=COMDRDVQMH6ZARDS,NA,NA,NA,NA,NA
Lenovo Essential G500 59-380722 Laptop,http://www.flipkart.com/lenovo-essential-g500-59-380722-laptop-3rd-gen-pdc-2gb-500gb-dos/p/itmdzhthnpxyzdvv?pid=COMDZHTJ8AG6CEHQ,NA,NA,NA,NA,NA
HP 430G1 E5H31PA Probook Laptop,http://www.flipkart.com/hp-430g1-probook-s-series-laptop/p/itmdqy5csdn2dhge?pid=COMDQY4ZUCWQW6ZG,NA,NA,NA,NA,http://www.infibeam.com/Computers_Accessories/hp-probook-430g1-e5h31pa/P-coac-24175035934-cat-z.html
Asus S400CA-CA165H VivoBook Laptop,http://www.flipkart.com/asus-vivo-book-notebook-series-laptop/p/itmdq8u8nzpaz6zn?pid=COMDQ8U8KZJ9V5RT,NA,NA,NA,NA,NA
Toshiba Satellite U840W-X0110 Ultrabook,http://www.flipkart.com/toshiba-satellite-u840w-x0110-ultrabook-3rd-gen-ci5-6gb-500gb-32gb-ssd-win8/p/itmdeukrmax4mypy?pid=COMDEUJ9XUJPF4G8,NA,NA,NA,NA,NA
Asus X550LC-XX015H Vivobook Laptop,http://www.flipkart.com/asus-vivobook-x-series-laptop/p/itmdsy9usnmgmfc3?pid=COMDSY9U7XSTZTME,NA,NA,NA,NA,NA
HP ProBook 4440s D5J48PA Laptop,http://www.flipkart.com/hp-probook-4440s-laptop-3rd-gen-ci5-2gb-750gb-win8-pro/p/itmdpyhhzj4wrwwg?pid=COMDPYHHZYEBKGE6,NA,NA,NA,NA,NA
Asus X550CC-XO112H X Series Laptop,http://www.flipkart.com/asus-x550cc-xo112h-x-series-laptop/p/itmdqqn7vgjg9yyh?pid=COMDQQN7J4SEQFFH,NA,NA,NA,NA,NA
Sony VAIO SVE14117GNB Laptop,http://www.flipkart.com/sony-vaio-sve14117gnb-laptop-3rd-gen-ci7-4gb-500gb-win7-prof/p/itmdatb5y7rzhsbr?pid=COMDATB5AFQN2MHB,NA,NA,NA,NA,NA
Asus S56CM-XO177H Ultrabook,http://www.flipkart.com/asus-s56cm-xo177h-ultrabook-3rd-gen-ci3-4gb-500gb-24gb-ssd-win8-2gb-graph/p/itmdjygh8bze2upp?pid=COMDJYGJJHBCRB9G,NA,NA,NA,NA,NA
Samsung NP350E5C-S03IN Laptop,http://www.flipkart.com/samsung-np350e5c-s03in-laptop-3rd-gen-ci3-4gb-750gb-win8-2gb-graph/p/itmdk6ybp2q4qk4p?pid=COMDK6Y9KR4WWCGT,NA,NA,NA,NA,NA
Asus S56CA-XX030R Ultrabook,http://www.flipkart.com/asus-s56ca-xx030r-ultrabook-3rd-gen-ci3-4gb-500gb-24gb-ssd-win7-hb/p/itmddzjdx6rjcfyw?pid=COMDDZJBEEQG4HYC,NA,http://www.ebay.in/itm/Asus-S56CA-XX030R-Laptop-15-6-Ultrabook-3rd-Gen-Ci3-4GB-500GB-Win7-HB-/400713036340,NA,NA,NA
HP 4540s ProBook D5J93PA Laptop,http://www.flipkart.com/hp-4540s-probook-d5j93pa-laptop-3rd-gen-ci3-2gb-750gb-1gb-grp-dos/p/itmdnzhsgw797ry2?pid=COMDMVN3P8FMHTC3,NA,NA,NA,NA,NA
HP Pavilion 15-n213TU Laptop,http://www.flipkart.com/hp-pavilion-15-n213tu-laptop-4th-gen-ci3-4gb-500gb-win8-1/p/itmdth52nrvnjrfn?pid=COMDTH4QNFJSUEG8,NA,NA,NA,NA,http://www.infibeam.com/Computers_Accessories/hp-pavilion-15-n213tu-portable-laptop/P-coac-7964814169-cat-z.html
Lenovo ThinkPad E431 62771F0 Laptop,http://www.flipkart.com/lenovo-thinkpad-e431-62771f0-laptop-3rd-gen-ci3-2gb-500gb-dos/p/itmdrhtzn6ushef8?pid=COMDRHTNBEEHZ5SJ,NA,NA,NA,NA,http://www.infibeam.com/Computers_Accessories/lenovo-thinkpad-e431-62771f0-laptop-3rd-gen-intel/P-coac-8893912082-cat-z.html
Dell Inspiron 15 3521 352132500iB1 Laptop,http://www.flipkart.com/dell-inspiron-15-3521-laptop-3rd-gen-ci3-2gb-500gb-win8/p/itmdt46grtzfwwbe?pid=COMDT46FWYYCEBTN,http://www.amazon.in/dp/B00JE9DAPA,NA,NA,NA,NA
Lenovo Essential G510 59-382757 Laptop,http://www.flipkart.com/lenovo-essential-g510-59-382757-laptop-4th-gen-ci3-4gb-500gb-dos/p/itmdp8whhqxa4sgb?pid=COMDP8WHK3Z4ZXYB,NA,NA,NA,NA,http://www.infibeam.com/Computers_Accessories/lenovo-essential-g510-59-382757-laptop-4th-gen/P-coac-3324411584-cat-z.html
HP Pavilion 15-D002TX Laptop,http://www.flipkart.com/hp-pavilion-15-d002tx-laptop-3rd-gen-ci3-4gb-500gb-dos-1gb-graph/p/itmdsx7bhhhuvehf?pid=COMDSX79WDYSHSG9,http://www.amazon.in/dp/B00IIFM9F8,NA,NA,NA,http://www.infibeam.com/Computers_Accessories/hp-pavilion-15-d002tx-laptop-3rd-gen-ci3/P-coac-15537238388-cat-z.html
Dell Vostro 2520 Laptop,http://www.mysmartprice.com,NA,NA,NA,NA,NA
Asus S200E-CT162H Vivobook Laptop,http://www.flipkart.com/asus-vivobook-s-series-laptop/p/itmdzmyzmh6sntym?pid=COMDZBSB4W9YU7KR,NA,NA,NA,NA,NA
Asus X552CL-SX019D Laptop,http://www.flipkart.com/asus-x552cl-sx019d-laptop-3rd-gen-ci3-4gb-500gb-dos-1gb-graph/p/itmdrkhcjyygduq9?pid=COMDRKHC2WDUUGSK,NA,http://www.ebay.in/itm/ASUS-X552CL-SX019D-LAPTOP-CI3-3rd-GEN-4GB-500GB-DOS-1GB-GRAPH-15-6-BLACK-/281336820738,NA,NA,NA
Dell Vostro 2420 Laptop,http://www.flipkart.com/dell-vostro-2420-laptop-3rd-gen-ci3-2gb-500gb-ubuntu/p/itmdqznhtavd6hbw?pid=COMDQZJSFHSUYGA3,NA,NA,NA,http://www.homeshop18.com/dell-vostro-2420-laptop-3rd-gen-intel-core-i3-3120m-2gb-500gb-14-ubuntu-grey/computers-tablets/laptops/product:31555037/cid:16317/,NA
Acer Aspire E1-530 NX.MEQSI.004 Laptop,http://www.flipkart.com/acer-e1-530-e-series-laptop/p/itmdq3fc4ghfyw3u?pid=COMDQ3FCQBQZ7DFK,NA,NA,NA,NA,NA
Dell Vostro 2520 Laptop,http://www.flipkart.com/dell-vostro-2520-laptop-3rd-gen-pdc-2gb-500gb-win8/p/itmdsbf2d5hhhm2n?pid=COMDSA4FVWGFV4KH,NA,NA,NA,NA,NA
Lenovo ThinkPad X131e 3371-1Y4 Laptop,http://www.flipkart.com/lenovo-thinkpad-x131e-3371-1y4-laptop-apu-dual-core-4gb-320gb-dos/p/itmdsn4sgp8b3sth?pid=COMDSN3HHZMVYCU3,NA,NA,NA,NA,NA
Toshiba Satellite B40-A P0010 Laptop,http://www.flipkart.com/toshiba-satellite-b40-a-p0010-laptop-3rd-gen-pdc-2gb-500gb-dos/p/itmdtywkrzxwbjm4?pid=COMDTYWKRZXWBJM4,NA,NA,NA,NA,NA
Asus X55C-SX161D Laptop,NA,NA,NA,NA,NA,NA
Toshiba Satellite C50-A E0010 Laptop,http://www.flipkart.com/toshiba-satellite-c50-a-e0010-laptop-3rd-gen-cdc-2gb-500gb-no-os/p/itmdrg4zp3zbzrhg?pid=COMDRG4TC2PZEHSY,NA,NA,NA,NA,NA
Asus X55C-SX078D Laptop,NA,NA,NA,NA,NA,NA
HP Pavilion 15-G003AU Laptop,http://www.flipkart.com/hp-pavilion-15-g003au-laptop-apu-dual-core-2gb-500gb-ubuntu/p/itmdsx7ecabujpna?pid=COMDSX79ZTN9WH9G,NA,NA,NA,NA,NA
Asus X552EA-SX009D Laptop,http://www.flipkart.com/asus-x552ea-sx009d-laptop-apu-dual-core-2gb-500gb-dos/p/itmdrkhc6uzuvmsz?pid=COMDRKHCWN2YEYGE,NA,NA,NA,NA,NA
Asus X551CA-SX021D Laptop,http://www.flipkart.com/asus-x551ca-sx075d-laptop-3rd-gen-cdc-2gb-500gb-dos/p/itmdte963tdgqzbx?pid=COMDTE96PTFRDMY8,http://www.amazon.in/dp/B00H1QGLFE,http://www.ebay.in/itm/Asus-X551CA-SX021D-Laptop-3rd-Gen-CDC-2GB-500GB-DOS-/251530998836,NA,NA,http://www.infibeam.com/Computers_Accessories/asus-x551ca-sx021d-laptop-3rd-gen-intel-celeron/P-coac-20408193780-cat-z.html
Asus X55C-SX078D Laptop,NA,NA,NA,NA,NA,NA
Asus X551CA-SX021D Laptop,http://www.flipkart.com/asus-x551ca-sx075d-laptop-3rd-gen-cdc-2gb-500gb-dos/p/itmdte963tdgqzbx?pid=COMDTE96PTFRDMY8,http://www.amazon.in/dp/B00H1QGLFE,http://www.ebay.in/itm/Asus-X551CA-SX021D-Laptop-3rd-Gen-CDC-2GB-500GB-DOS-/251530998836,NA,NA,http://www.infibeam.com/Computers_Accessories/asus-x551ca-sx021d-laptop-3rd-gen-intel-celeron/P-coac-20408193780-cat-z.html
